reference pattern,cn-(0000)沪00民初000号,cn-(0000)沪知民初字第000号,cn-(0000)沪00民终000号,cn-(0000)沪00民初00号,cn-(0000)沪知民终字第000号,cn-(0000)沪00民终00号,cn-(0000)沪00民辖终000号,cn-(0000)沪知民初字第00号,cn-(0000)沪00民辖终00号,cn-(0000)沪知民初字第000-000号,cn-(0000)沪知民终字第00号,cn-(0000)沪00民辖终0号,cn-(0000)沪00民初000号之一,cn-(0000)沪00民初0号,cn-(0000)沪知民初字第0号,cn-(0000)沪00民初00-00号,cn-(0000)沪00民终0号,cn-(0000)沪00民初00号之一,cn-(0000)沪知民终字第0号,cn-(0000)沪知民初字第00-00号,cn-(0000)沪00民初000-000号,cn-(0000)沪00刑终0号,cn-(0000)沪00行初0号,cn-上海知识产权法院-胡涛-摩拜,cn-(0000)沪00民初000号之二,cn-(0000)沪00民初00号之二,cn-(00000沪知民初字第00号,cn-(0000)沪知行初字第0号,cn-(0000)沪知民保字第0号,cn-(0000)沪知民申字第0号,cn-(0000)沪民终000号,cn-(0000)沪00民辖0号,cn-(0000)沪0000民初00000号,cn-上海知识产权法院-日本电产精密株式会社-上海安和精密电子电器有限公司-起诉信息,cn-(0000)沪民终00号,cn-(0000)沪知民终字第000号之一,cn-(0000)沪00刑终00号,cn-(0000)沪00民终00号之一,cn-上海知识产权法院-达索-同捷_order_IS,cn-上海知识产权法院-Fractus  Vectis IP-Oppo,cn-(0000)沪知民初字第000号之一,cn-上海知识产权法院-Fractus Vectis IP-维沃移动通信
number of occurrences,957,518,244,168,152,98,94,79,46,34,32,14,14,13,11,7,6,6,4,3,3,3,2,2,2,2,1,1,1,1,1,1,1,1,1,1,1,1,1,1,1,1
ids,3260512,2561813,3304240,3260516,2639750,3282588,3454422,2561814,3282589,2890074,2561816,3192126,5601582,3304238,2639741,3260521,3282587,5648814,2561818,3259873,3260513,5209701,3304252,3889719,5639167,5648819,2672970,3017646,3018531,3151471,3351558,3591687,3722052,3774244,3854252,5101734,5209700,5253791,5348894,5377324,5639143,5668576
,3304185,3550343,3512470,3679637,3215232,3296785,3489141,3208156,3340947,2890075,2561817,3232873,5601583,3304239,2639743,3260528,3749658,5648815,2561819,3259874,3260514,5209702,4089328,4104371,5647364,5648821,,,,,,,,,,,,,,,,
,3304186,2639688,3351549,3260517,2639751,3304241,3512475,2561815,3340948,2890086,3017629,3768329,5601619,3720879,3151468,3260529,3784051,5648816,4692128,3259875,3260515,5209703,,,,,,,,,,,,,,,,,,,,
,3304187,3192107,3351550,3260518,3215234,3304242,3512476,2639695,3340949,2890090,2561820,3768330,5601620,3720880,2639746,3260530,3881681,5648817,3017639,,,,,,,,,,,,,,,,,,,,,,,
,3304188,2639689,3351551,3260519,2639752,3466924,3579516,3098945,3512474,2908685,3208157,3768331,5601621,3884371,3151469,3260536,5220876,5648818,,,,,,,,,,,,,,,,,,,,,,,,
,3304189,3190448,3351552,3260520,2639753,3304243,3579517,2639703,3889517,2908686,2639755,3889518,5601622,4156251,2639749,3260537,5253783,5648820,,,,,,,,,,,,,,,,,,,,,,,,
,3304190,2639690,3503910,3510587,3247382,3304244,3579518,3151461,3984827,2909122,2639756,4963020,5601623,4783304,3151470,3260538,,,,,,,,,,,,,,,,,,,,,,,,,,
,3304191,2639691,3389480,3260522,2639754,3591686,3579519,2639708,3984828,2909126,3215237,4963023,5601624,4783305,2639763,,,,,,,,,,,,,,,,,,,,,,,,,,,
,3304192,2639692,3439257,3691140,2672962,3304245,3583622,3098949,3984829,3039773,2639757,4963024,5639146,4835933,3221584,,,,,,,,,,,,,,,,,,,,,,,,,,,
,3304193,2639693,3439258,3260523,2672963,3304246,3591688,2639714,3984830,3039775,3129815,4963025,5639166,4843996,3259876,,,,,,,,,,,,,,,,,,,,,,,,,,,
,3304194,3017542,3512472,3691141,3247383,4084035,3603688,3549803,3984831,3039776,2639758,4963026,5647360,5547639,3259877,,,,,,,,,,,,,,,,,,,,,,,,,,,
,3304195,2639694,3443472,3260524,2672964,3304247,3614360,2639728,3984832,3039779,3208158,4963027,5647362,4858237,,,,,,,,,,,,,,,,,,,,,,,,,,,,
,3304196,3247380,3579508,3679642,3017743,3304248,3614361,3017563,3984834,3039781,2639759,4963028,5647363,5328004,,,,,,,,,,,,,,,,,,,,,,,,,,,,
,3304197,2639696,3443473,3260525,2672965,3304249,3698590,2639729,4527586,3039783,2639760,4963029,5648812,,,,,,,,,,,,,,,,,,,,,,,,,,,,,
,3304198,3017545,3443474,3679643,3017607,3613910,3710991,3017566,4829142,3039786,3296685,,,,,,,,,,,,,,,,,,,,,,,,,,,,,,,
,3304199,2639697,3443475,3260526,2672966,3304250,3712996,2639730,4959784,3039793,2639761,,,,,,,,,,,,,,,,,,,,,,,,,,,,,,,
,3304200,3615763,3458864,3679644,3200029,3512473,3746786,3615771,4963015,3039796,3280994,,,,,,,,,,,,,,,,,,,,,,,,,,,,,,,
,3304201,2639698,3458865,3260527,2672967,3304251,3750760,2639731,4963016,3039811,3017620,,,,,,,,,,,,,,,,,,,,,,,,,,,,,,,
,3304203,3615764,3634667,3260531,3247384,3340946,3750761,3017571,4963017,3039814,3017622,,,,,,,,,,,,,,,,,,,,,,,,,,,,,,,
,3304204,2639699,3458866,3260532,2672968,3351553,3768284,2639732,4963018,3077998,3017634,,,,,,,,,,,,,,,,,,,,,,,,,,,,,,,
,3304205,3700020,3458867,3260533,5781315,3351554,3805584,3151465,4963019,3113251,3017644,,,,,,,,,,,,,,,,,,,,,,,,,,,,,,,
,3510586,2639700,3458868,3260534,2672969,3351555,3805925,2639733,4963021,3113280,3018529,,,,,,,,,,,,,,,,,,,,,,,,,,,,,,,
,3304206,2639701,3458869,3464324,3108388,3351556,3816814,3017586,4963022,3113281,3221585,,,,,,,,,,,,,,,,,,,,,,,,,,,,,,,
,3304207,3615765,4012492,3260535,2685063,3351557,3816815,2639734,4966219,3113282,3221586,,,,,,,,,,,,,,,,,,,,,,,,,,,,,,,
,3683918,2639702,3458870,3464325,3252575,3464330,3847900,3510464,5110867,3137489,3221587,,,,,,,,,,,,,,,,,,,,,,,,,,,,,,,
,3304209,3591601,3467039,3260539,2685064,3476350,4012493,2639735,5110869,3142026,3252577,,,,,,,,,,,,,,,,,,,,,,,,,,,,,,,
,3683919,2639704,3467040,3699792,3215235,3746785,4084056,3017587,5110870,3142997,3259878,,,,,,,,,,,,,,,,,,,,,,,,,,,,,,,
,3304210,3615766,3476349,3260540,2685065,3750473,4084057,2639736,5110871,3142999,3259879,,,,,,,,,,,,,,,,,,,,,,,,,,,,,,,
,3683920,2639705,3488776,3700029,3247385,3765869,4084058,3247381,5110872,3189984,3259880,,,,,,,,,,,,,,,,,,,,,,,,,,,,,,,
,3304211,3094777,3579509,3260541,2685066,3808856,4527599,2639737,5110873,3189995,3259881,,,,,,,,,,,,,,,,,,,,,,,,,,,,,,,
,3683921,2639706,3488777,3260542,3017613,3982811,4577968,3098966,5110874,3189998,3259882,,,,,,,,,,,,,,,,,,,,,,,,,,,,,,,
,3304212,3017546,3488778,3260543,2685067,3984439,4577969,2639738,5110875,3260505,4084045,,,,,,,,,,,,,,,,,,,,,,,,,,,,,,,
,3683922,2639707,5484725,3304202,3017616,3984822,4577970,3098967,5110876,3260510,,,,,,,,,,,,,,,,,,,,,,,,,,,,,,,,
,3304213,3017547,3488779,3304208,2685068,3984823,4577971,2639739,5110877,3260511,,,,,,,,,,,,,,,,,,,,,,,,,,,,,,,,
,3691133,2639709,3712992,3304228,2890092,3984824,4577972,3017589,5110878,,,,,,,,,,,,,,,,,,,,,,,,,,,,,,,,,
,3304214,3017549,3488780,3304229,3232842,3984825,4577973,2639740,5209710,,,,,,,,,,,,,,,,,,,,,,,,,,,,,,,,,
,3691134,2639710,3488781,3591679,2890093,3984826,4577974,3017591,5220883,,,,,,,,,,,,,,,,,,,,,,,,,,,,,,,,,
,3304215,3017550,3503762,3304230,3200796,4084061,4880310,2639742,5255442,,,,,,,,,,,,,,,,,,,,,,,,,,,,,,,,,
,3691135,2639711,3503763,3591680,2890094,4084388,4961866,2639744,5255443,,,,,,,,,,,,,,,,,,,,,,,,,,,,,,,,,
,3304216,3615767,3512471,3304231,3200797,4173019,4961867,3549805,5255444,,,,,,,,,,,,,,,,,,,,,,,,,,,,,,,,,
,3691136,2639712,3546263,3591681,2890095,4189125,4961868,2639745,5255445,,,,,,,,,,,,,,,,,,,,,,,,,,,,,,,,,
,3304217,3192108,3546264,3304232,3716676,4225112,4961869,2639747,5255446,,,,,,,,,,,,,,,,,,,,,,,,,,,,,,,,,
,3691137,2639713,3560383,3591682,2890096,4394203,4961870,3192112,5255447,,,,,,,,,,,,,,,,,,,,,,,,,,,,,,,,,
,3304218,3928805,3560384,3304233,3243467,4666265,4961871,2639748,5360158,,,,,,,,,,,,,,,,,,,,,,,,,,,,,,,,,
,3691138,2639715,4811065,3591683,2890097,4711690,4961872,3017594,5360160,,,,,,,,,,,,,,,,,,,,,,,,,,,,,,,,,
,3304219,2639716,3560385,3304234,3243468,4719939,4961873,2639762,5545906,,,,,,,,,,,,,,,,,,,,,,,,,,,,,,,,,
,3304220,2639717,3712994,3591684,3017597,4821168,5209672,2672961,,,,,,,,,,,,,,,,,,,,,,,,,,,,,,,,,,
,3304221,2639718,3560386,3304235,3017599,4829141,5209673,2685062,,,,,,,,,,,,,,,,,,,,,,,,,,,,,,,,,,
,3304222,3710966,3566298,3710990,3017605,4855185,5209675,3710975,,,,,,,,,,,,,,,,,,,,,,,,,,,,,,,,,,
,3710014,2639719,4093228,3304236,3017611,4865864,5209676,2890065,,,,,,,,,,,,,,,,,,,,,,,,,,,,,,,,,,
,3304223,3151463,3566299,3699791,3017615,5549576,5209677,3510460,,,,,,,,,,,,,,,,,,,,,,,,,,,,,,,,,,
,5649060,2639720,4084387,3304237,3017619,4866653,5209678,2890066,,,,,,,,,,,,,,,,,,,,,,,,,,,,,,,,,,
,3304224,3627731,3566300,3591685,3017623,4871267,5209679,2890070,,,,,,,,,,,,,,,,,,,,,,,,,,,,,,,,,,
,3304225,2639721,3579514,3309726,3017627,4871328,5209681,2890091,,,,,,,,,,,,,,,,,,,,,,,,,,,,,,,,,,
,3691139,2639722,3566301,3351547,3017630,4873852,5220877,3017585,,,,,,,,,,,,,,,,,,,,,,,,,,,,,,,,,,
,3304226,3512000,4164818,3351548,3017633,4873892,5220878,3017590,,,,,,,,,,,,,,,,,,,,,,,,,,,,,,,,,,
,3304227,2639723,3566302,3389475,3017635,4873910,5220879,3017592,,,,,,,,,,,,,,,,,,,,,,,,,,,,,,,,,,
,3309710,3017560,3615676,3679636,3031104,4874636,5220880,3017593,,,,,,,,,,,,,,,,,,,,,,,,,,,,,,,,,,
,3309711,2639724,3566303,3439256,3094798,4911031,5220881,3039823,,,,,,,,,,,,,,,,,,,,,,,,,,,,,,,,,,
,3309712,3192109,3712993,3458834,3031105,4947016,5231323,3549804,,,,,,,,,,,,,,,,,,,,,,,,,,,,,,,,,,
,3309713,2639725,3579510,3458859,3282473,4982041,5327908,3039824,,,,,,,,,,,,,,,,,,,,,,,,,,,,,,,,,,
,3309714,3510461,3579511,3458860,3039825,4982067,5327910,3094795,,,,,,,,,,,,,,,,,,,,,,,,,,,,,,,,,,
,3710984,2639726,3579512,3458861,3039826,4982182,5327911,3077989,,,,,,,,,,,,,,,,,,,,,,,,,,,,,,,,,,
,3309715,3700021,3579513,3699790,3094799,5102421,5327948,3510462,,,,,,,,,,,,,,,,,,,,,,,,,,,,,,,,,,
,3710985,2639727,3579515,3458862,3039827,5110863,5327949,3077999,,,,,,,,,,,,,,,,,,,,,,,,,,,,,,,,,,
,3309716,3151464,3593993,3696045,3039828,5110864,5327950,3094778,,,,,,,,,,,,,,,,,,,,,,,,,,,,,,,,,,
,3309717,2672954,5484726,3458863,3151473,5110865,5327952,3094785,,,,,,,,,,,,,,,,,,,,,,,,,,,,,,,,,,
,3309718,2672955,3603644,3696046,3039829,5110866,5389495,3151466,,,,,,,,,,,,,,,,,,,,,,,,,,,,,,,,,,
,3309720,3615772,3603645,3461386,3151474,5209671,5389496,3221579,,,,,,,,,,,,,,,,,,,,,,,,,,,,,,,,,,
,3309721,2672956,3603668,3464326,3078003,5220865,5484727,3221580,,,,,,,,,,,,,,,,,,,,,,,,,,,,,,,,,,
,3309722,3017567,5374396,3464327,3454301,5220867,5545844,3221581,,,,,,,,,,,,,,,,,,,,,,,,,,,,,,,,,,
,3309723,2672957,3618305,3464328,3078004,5220869,5545845,3221582,,,,,,,,,,,,,,,,,,,,,,,,,,,,,,,,,,
,3309724,3615773,3712995,3464329,3078005,5220871,5545846,3221583,,,,,,,,,,,,,,,,,,,,,,,,,,,,,,,,,,
,3489140,2672958,3642584,3467036,3078006,5220872,5545847,3259872,,,,,,,,,,,,,,,,,,,,,,,,,,,,,,,,,,
,3309725,3017568,3642585,3476348,3078007,5220873,5545904,3260544,,,,,,,,,,,,,,,,,,,,,,,,,,,,,,,,,,
,3710986,2672959,3642586,3510589,3151475,5220874,5545905,3260545,,,,,,,,,,,,,,,,,,,,,,,,,,,,,,,,,,
,3351535,3017570,3644766,3510590,3078008,5220875,5546741,3260546,,,,,,,,,,,,,,,,,,,,,,,,,,,,,,,,,,
,3351536,2672960,3654924,3510591,3151476,5253781,5548470,3714512,,,,,,,,,,,,,,,,,,,,,,,,,,,,,,,,,,
,3351537,4152657,3668794,3510592,3078009,5253782,5548471,3723356,,,,,,,,,,,,,,,,,,,,,,,,,,,,,,,,,,
,3351538,2672971,5547594,3510593,3282475,5253784,5549537,,,,,,,,,,,,,,,,,,,,,,,,,,,,,,,,,,,
,3351539,2685056,3690933,3510594,3078010,5253785,5549538,,,,,,,,,,,,,,,,,,,,,,,,,,,,,,,,,,,
,3651746,3098953,3697950,3510595,3280993,5253787,5549539,,,,,,,,,,,,,,,,,,,,,,,,,,,,,,,,,,,
,3351540,2685057,3697951,3510596,3078011,5253788,5549540,,,,,,,,,,,,,,,,,,,,,,,,,,,,,,,,,,,
,3351541,3098954,3697952,3512469,3252576,5253789,5549541,,,,,,,,,,,,,,,,,,,,,,,,,,,,,,,,,,,
,3351542,2685059,3697953,3546262,3078012,5253790,5549543,,,,,,,,,,,,,,,,,,,,,,,,,,,,,,,,,,,
,3351543,3098955,3697954,3566261,3200798,5255439,5549544,,,,,,,,,,,,,,,,,,,,,,,,,,,,,,,,,,,
,3351544,2685061,4563955,3566262,3078013,5255440,5549545,,,,,,,,,,,,,,,,,,,,,,,,,,,,,,,,,,,
,3351545,3511998,3697955,3566263,3340770,5255441,5549546,,,,,,,,,,,,,,,,,,,,,,,,,,,,,,,,,,,
,3351546,2890062,4255255,3591677,3094800,5327905,5549547,,,,,,,,,,,,,,,,,,,,,,,,,,,,,,,,,,,
,3389476,3098956,3726483,3591678,3094801,5360157,5549577,,,,,,,,,,,,,,,,,,,,,,,,,,,,,,,,,,,
,3389477,2890063,3793563,3603641,3094802,5389478,5549578,,,,,,,,,,,,,,,,,,,,,,,,,,,,,,,,,,,
,3389478,2890064,3816813,3615808,3094803,5486994,5585198,,,,,,,,,,,,,,,,,,,,,,,,,,,,,,,,,,,
,3583621,3511999,3835062,3765866,3108390,5545843,5585199,,,,,,,,,,,,,,,,,,,,,,,,,,,,,,,,,,,
,3389479,2890067,3966564,3765867,3108391,5549536,5648813,,,,,,,,,,,,,,,,,,,,,,,,,,,,,,,,,,,
,3627208,3615770,3966565,3765868,3108393,5585197,,,,,,,,,,,,,,,,,,,,,,,,,,,,,,,,,,,,
,3439238,2890068,5363981,3943063,3113284,5586436,,,,,,,,,,,,,,,,,,,,,,,,,,,,,,,,,,,,
,3710983,2890069,3966566,3966079,3512004,5586437,,,,,,,,,,,,,,,,,,,,,,,,,,,,,,,,,,,,
,3439239,2890071,4577950,3966080,3137491,5649070,,,,,,,,,,,,,,,,,,,,,,,,,,,,,,,,,,,,
,3699785,2890072,3966567,3966117,4089322,,,,,,,,,,,,,,,,,,,,,,,,,,,,,,,,,,,,,
,3439240,2890073,4577952,3966118,3137492,,,,,,,,,,,,,,,,,,,,,,,,,,,,,,,,,,,,,
,3439241,3710968,3966568,3966557,3340771,,,,,,,,,,,,,,,,,,,,,,,,,,,,,,,,,,,,,
,3679634,2890076,4577953,3966558,3137493,,,,,,,,,,,,,,,,,,,,,,,,,,,,,,,,,,,,,
,3439242,3098961,3966569,3966559,3137494,,,,,,,,,,,,,,,,,,,,,,,,,,,,,,,,,,,,,
,3679635,2890077,4577954,3966560,3137495,,,,,,,,,,,,,,,,,,,,,,,,,,,,,,,,,,,,,
,3439243,2890078,3966570,3966561,3351573,,,,,,,,,,,,,,,,,,,,,,,,,,,,,,,,,,,,,
,3439244,2890079,4577955,5547767,3142032,,,,,,,,,,,,,,,,,,,,,,,,,,,,,,,,,,,,,
,3439245,2890080,3966571,3966562,3512005,,,,,,,,,,,,,,,,,,,,,,,,,,,,,,,,,,,,,
,3439246,2890081,3966572,3966563,3142033,,,,,,,,,,,,,,,,,,,,,,,,,,,,,,,,,,,,,
,3439247,2890082,3966573,4055932,4012490,,,,,,,,,,,,,,,,,,,,,,,,,,,,,,,,,,,,,
,3439248,3094786,3966574,4056208,3143002,,,,,,,,,,,,,,,,,,,,,,,,,,,,,,,,,,,,,
,3439249,2890083,5363999,4156221,3303963,,,,,,,,,,,,,,,,,,,,,,,,,,,,,,,,,,,,,
,3439250,2890084,3984435,4156225,3143003,,,,,,,,,,,,,,,,,,,,,,,,,,,,,,,,,,,,,
,3439251,2890085,3984436,4224890,3151401,,,,,,,,,,,,,,,,,,,,,,,,,,,,,,,,,,,,,
,3439252,2890087,3984437,4224931,3282476,,,,,,,,,,,,,,,,,,,,,,,,,,,,,,,,,,,,,
,3439253,3190449,3984438,4224933,3151402,,,,,,,,,,,,,,,,,,,,,,,,,,,,,,,,,,,,,
,3439254,2890088,3984821,4224934,3282477,,,,,,,,,,,,,,,,,,,,,,,,,,,,,,,,,,,,,
,3439255,3683862,4012491,4532507,3151472,,,,,,,,,,,,,,,,,,,,,,,,,,,,,,,,,,,,,
,3443449,2890089,4084385,4699314,3151477,,,,,,,,,,,,,,,,,,,,,,,,,,,,,,,,,,,,,
,3443450,2908680,4084386,4783303,3151478,,,,,,,,,,,,,,,,,,,,,,,,,,,,,,,,,,,,,
,3443451,2908681,4224935,4829140,3190005,,,,,,,,,,,,,,,,,,,,,,,,,,,,,,,,,,,,,
,3443452,2908682,4224936,4844436,3192113,,,,,,,,,,,,,,,,,,,,,,,,,,,,,,,,,,,,,
,3443453,2908683,4224937,4849682,3192114,,,,,,,,,,,,,,,,,,,,,,,,,,,,,,,,,,,,,
,3443454,2908684,4224938,4849713,3192115,,,,,,,,,,,,,,,,,,,,,,,,,,,,,,,,,,,,,
,3443455,2909123,4224939,4849714,3192116,,,,,,,,,,,,,,,,,,,,,,,,,,,,,,,,,,,,,
,3443456,2909124,4224940,4849745,3192117,,,,,,,,,,,,,,,,,,,,,,,,,,,,,,,,,,,,,
,3443457,2909125,4224941,4858225,3200031,,,,,,,,,,,,,,,,,,,,,,,,,,,,,,,,,,,,,
,3443458,3017541,4224942,5547642,3200032,,,,,,,,,,,,,,,,,,,,,,,,,,,,,,,,,,,,,
,3443459,3017544,4224943,4858235,3232843,,,,,,,,,,,,,,,,,,,,,,,,,,,,,,,,,,,,,
,3443460,3017548,4224944,5649140,3243469,,,,,,,,,,,,,,,,,,,,,,,,,,,,,,,,,,,,,
,3443461,3017551,4224945,4858236,3243470,,,,,,,,,,,,,,,,,,,,,,,,,,,,,,,,,,,,,
,3443462,3017552,4577965,4871360,3247386,,,,,,,,,,,,,,,,,,,,,,,,,,,,,,,,,,,,,
,3443463,3017553,4224946,5549531,3259869,,,,,,,,,,,,,,,,,,,,,,,,,,,,,,,,,,,,,
,3443464,3017554,4224947,4879996,3259870,,,,,,,,,,,,,,,,,,,,,,,,,,,,,,,,,,,,,
,3443465,3017555,4259986,4880399,3259871,,,,,,,,,,,,,,,,,,,,,,,,,,,,,,,,,,,,,
,3443466,3017556,4309034,4963012,3260897,,,,,,,,,,,,,,,,,,,,,,,,,,,,,,,,,,,,,
,3443467,3017557,4394202,4963013,3260898,,,,,,,,,,,,,,,,,,,,,,,,,,,,,,,,,,,,,
,3443468,3017558,4536995,4963014,3282474,,,,,,,,,,,,,,,,,,,,,,,,,,,,,,,,,,,,,
,3443469,3017559,4577949,4980015,3282478,,,,,,,,,,,,,,,,,,,,,,,,,,,,,,,,,,,,,
,3443470,3017561,4577951,5086381,3296684,,,,,,,,,,,,,,,,,,,,,,,,,,,,,,,,,,,,,
,3443471,3017564,4577957,5086382,3340772,,,,,,,,,,,,,,,,,,,,,,,,,,,,,,,,,,,,,
,3458835,3017565,4577962,5086383,3512003,,,,,,,,,,,,,,,,,,,,,,,,,,,,,,,,,,,,,
,3458836,3017569,4577963,5086384,3706723,,,,,,,,,,,,,,,,,,,,,,,,,,,,,,,,,,,,,
,3458837,3017572,4577964,5086385,3706724,,,,,,,,,,,,,,,,,,,,,,,,,,,,,,,,,,,,,
,3458838,3017573,4577966,5086386,3706725,,,,,,,,,,,,,,,,,,,,,,,,,,,,,,,,,,,,,
,3458839,3017574,4577967,5110856,3717932,,,,,,,,,,,,,,,,,,,,,,,,,,,,,,,,,,,,,
,3458840,3017575,4608203,5157545,3746742,,,,,,,,,,,,,,,,,,,,,,,,,,,,,,,,,,,,,
,3458841,3017576,4796035,5157552,4012489,,,,,,,,,,,,,,,,,,,,,,,,,,,,,,,,,,,,,
,3458842,3017577,4818488,5157553,4084044,,,,,,,,,,,,,,,,,,,,,,,,,,,,,,,,,,,,,
,3679639,3017578,4818489,5157554,4084375,,,,,,,,,,,,,,,,,,,,,,,,,,,,,,,,,,,,,
,3458843,3017579,4818490,5194540,4105580,,,,,,,,,,,,,,,,,,,,,,,,,,,,,,,,,,,,,
,3679640,3017580,4818491,5213350,4369410,,,,,,,,,,,,,,,,,,,,,,,,,,,,,,,,,,,,,
,3458844,3017581,4818492,5213351,5209552,,,,,,,,,,,,,,,,,,,,,,,,,,,,,,,,,,,,,
,3458845,3017582,4818493,5213352,,,,,,,,,,,,,,,,,,,,,,,,,,,,,,,,,,,,,,
,3458846,3017583,4818494,5213353,,,,,,,,,,,,,,,,,,,,,,,,,,,,,,,,,,,,,,
,3458847,3017584,4829034,5231318,,,,,,,,,,,,,,,,,,,,,,,,,,,,,,,,,,,,,,
,3458848,3018530,4829035,5232249,,,,,,,,,,,,,,,,,,,,,,,,,,,,,,,,,,,,,,
,3458849,3031097,4829036,5253772,,,,,,,,,,,,,,,,,,,,,,,,,,,,,,,,,,,,,,
,3458850,3699704,4829037,5325189,,,,,,,,,,,,,,,,,,,,,,,,,,,,,,,,,,,,,,
,3458851,3031098,4833793,5331671,,,,,,,,,,,,,,,,,,,,,,,,,,,,,,,,,,,,,,
,3458852,3031099,4836390,5364529,,,,,,,,,,,,,,,,,,,,,,,,,,,,,,,,,,,,,,
,3458853,3510463,4849717,5382402,,,,,,,,,,,,,,,,,,,,,,,,,,,,,,,,,,,,,,
,3458854,3031100,4858213,5382403,,,,,,,,,,,,,,,,,,,,,,,,,,,,,,,,,,,,,,
,3458855,4319732,5549532,5382405,,,,,,,,,,,,,,,,,,,,,,,,,,,,,,,,,,,,,,
,3458856,3031101,4871490,5382406,,,,,,,,,,,,,,,,,,,,,,,,,,,,,,,,,,,,,,
,3458857,4319735,4871625,5547635,,,,,,,,,,,,,,,,,,,,,,,,,,,,,,,,,,,,,,
,3458858,3031102,4873928,5547636,,,,,,,,,,,,,,,,,,,,,,,,,,,,,,,,,,,,,,
,3467037,3031103,4874630,5547638,,,,,,,,,,,,,,,,,,,,,,,,,,,,,,,,,,,,,,
,3467038,3039771,4909548,5799108,,,,,,,,,,,,,,,,,,,,,,,,,,,,,,,,,,,,,,
,3476339,3039772,4933257,,,,,,,,,,,,,,,,,,,,,,,,,,,,,,,,,,,,,,,
,3476340,3039774,4961865,,,,,,,,,,,,,,,,,,,,,,,,,,,,,,,,,,,,,,,
,3476341,3039777,4975018,,,,,,,,,,,,,,,,,,,,,,,,,,,,,,,,,,,,,,,
,3476342,3039778,4981206,,,,,,,,,,,,,,,,,,,,,,,,,,,,,,,,,,,,,,,
,3476343,3039780,5022165,,,,,,,,,,,,,,,,,,,,,,,,,,,,,,,,,,,,,,,
,3476344,3039782,5022167,,,,,,,,,,,,,,,,,,,,,,,,,,,,,,,,,,,,,,,
,3476345,3039784,5106404,,,,,,,,,,,,,,,,,,,,,,,,,,,,,,,,,,,,,,,
,3476346,3039785,5110857,,,,,,,,,,,,,,,,,,,,,,,,,,,,,,,,,,,,,,,
,3476347,3039787,5110858,,,,,,,,,,,,,,,,,,,,,,,,,,,,,,,,,,,,,,,
,3488769,3039788,5110860,,,,,,,,,,,,,,,,,,,,,,,,,,,,,,,,,,,,,,,
,3488770,3039789,5110861,,,,,,,,,,,,,,,,,,,,,,,,,,,,,,,,,,,,,,,
,3691132,3039790,5157555,,,,,,,,,,,,,,,,,,,,,,,,,,,,,,,,,,,,,,,
,3488771,3514567,5209670,,,,,,,,,,,,,,,,,,,,,,,,,,,,,,,,,,,,,,,
,3488772,3039791,5212395,,,,,,,,,,,,,,,,,,,,,,,,,,,,,,,,,,,,,,,
,3488773,3550345,5220716,,,,,,,,,,,,,,,,,,,,,,,,,,,,,,,,,,,,,,,
,3488774,3039792,5220866,,,,,,,,,,,,,,,,,,,,,,,,,,,,,,,,,,,,,,,
,3488775,3615774,5220868,,,,,,,,,,,,,,,,,,,,,,,,,,,,,,,,,,,,,,,
,3503751,3039794,5220870,,,,,,,,,,,,,,,,,,,,,,,,,,,,,,,,,,,,,,,
,3503752,3039795,5231313,,,,,,,,,,,,,,,,,,,,,,,,,,,,,,,,,,,,,,,
,3503753,3039797,5549534,,,,,,,,,,,,,,,,,,,,,,,,,,,,,,,,,,,,,,,
,3503754,3039798,5255425,,,,,,,,,,,,,,,,,,,,,,,,,,,,,,,,,,,,,,,
,3503755,3039799,5255426,,,,,,,,,,,,,,,,,,,,,,,,,,,,,,,,,,,,,,,
,3503756,3039800,5255427,,,,,,,,,,,,,,,,,,,,,,,,,,,,,,,,,,,,,,,
,3503757,3039801,5255428,,,,,,,,,,,,,,,,,,,,,,,,,,,,,,,,,,,,,,,
,3503758,3615775,5255429,,,,,,,,,,,,,,,,,,,,,,,,,,,,,,,,,,,,,,,
,3503759,3039802,5255430,,,,,,,,,,,,,,,,,,,,,,,,,,,,,,,,,,,,,,,
,3503760,3039803,5255432,,,,,,,,,,,,,,,,,,,,,,,,,,,,,,,,,,,,,,,
,3503761,3615776,5255433,,,,,,,,,,,,,,,,,,,,,,,,,,,,,,,,,,,,,,,
,3510588,3039804,5255434,,,,,,,,,,,,,,,,,,,,,,,,,,,,,,,,,,,,,,,
,3546259,3039805,5255435,,,,,,,,,,,,,,,,,,,,,,,,,,,,,,,,,,,,,,,
,3546260,3039806,5255436,,,,,,,,,,,,,,,,,,,,,,,,,,,,,,,,,,,,,,,
,3982432,3591602,5255437,,,,,,,,,,,,,,,,,,,,,,,,,,,,,,,,,,,,,,,
,3546261,3039807,5327907,,,,,,,,,,,,,,,,,,,,,,,,,,,,,,,,,,,,,,,
,3560374,3375377,5360156,,,,,,,,,,,,,,,,,,,,,,,,,,,,,,,,,,,,,,,
,3560375,3039808,5364000,,,,,,,,,,,,,,,,,,,,,,,,,,,,,,,,,,,,,,,
,3560376,3615777,5364004,,,,,,,,,,,,,,,,,,,,,,,,,,,,,,,,,,,,,,,
,3560377,3039809,5370995,,,,,,,,,,,,,,,,,,,,,,,,,,,,,,,,,,,,,,,
,3560378,3039810,5382407,,,,,,,,,,,,,,,,,,,,,,,,,,,,,,,,,,,,,,,
,3560379,3039812,5389391,,,,,,,,,,,,,,,,,,,,,,,,,,,,,,,,,,,,,,,
,3560380,3615778,5389479,,,,,,,,,,,,,,,,,,,,,,,,,,,,,,,,,,,,,,,
,3560381,3039813,5389480,,,,,,,,,,,,,,,,,,,,,,,,,,,,,,,,,,,,,,,
,5331670,3615779,5389481,,,,,,,,,,,,,,,,,,,,,,,,,,,,,,,,,,,,,,,
,3560382,3039815,5389482,,,,,,,,,,,,,,,,,,,,,,,,,,,,,,,,,,,,,,,
,3566258,3039816,5389483,,,,,,,,,,,,,,,,,,,,,,,,,,,,,,,,,,,,,,,
,3566259,3615780,5389484,,,,,,,,,,,,,,,,,,,,,,,,,,,,,,,,,,,,,,,
,3566260,3039817,5389485,,,,,,,,,,,,,,,,,,,,,,,,,,,,,,,,,,,,,,,
,3566264,3039818,5389486,,,,,,,,,,,,,,,,,,,,,,,,,,,,,,,,,,,,,,,
,3566265,3039819,5389487,,,,,,,,,,,,,,,,,,,,,,,,,,,,,,,,,,,,,,,
,3566266,3710970,5389488,,,,,,,,,,,,,,,,,,,,,,,,,,,,,,,,,,,,,,,
,3566267,3039820,5389489,,,,,,,,,,,,,,,,,,,,,,,,,,,,,,,,,,,,,,,
,3566268,3039821,5389490,,,,,,,,,,,,,,,,,,,,,,,,,,,,,,,,,,,,,,,
,3566269,3039822,5389491,,,,,,,,,,,,,,,,,,,,,,,,,,,,,,,,,,,,,,,
,3566270,3077988,5389492,,,,,,,,,,,,,,,,,,,,,,,,,,,,,,,,,,,,,,,
,3566271,3077990,5389493,,,,,,,,,,,,,,,,,,,,,,,,,,,,,,,,,,,,,,,
,3566272,3077991,5389494,,,,,,,,,,,,,,,,,,,,,,,,,,,,,,,,,,,,,,,
,3566273,3077992,5545889,,,,,,,,,,,,,,,,,,,,,,,,,,,,,,,,,,,,,,,
,3566274,3077993,5545890,,,,,,,,,,,,,,,,,,,,,,,,,,,,,,,,,,,,,,,
,3566275,3077994,5545892,,,,,,,,,,,,,,,,,,,,,,,,,,,,,,,,,,,,,,,
,3566276,3077995,5545893,,,,,,,,,,,,,,,,,,,,,,,,,,,,,,,,,,,,,,,
,3928858,3077996,5547643,,,,,,,,,,,,,,,,,,,,,,,,,,,,,,,,,,,,,,,
,3566277,3077997,5547645,,,,,,,,,,,,,,,,,,,,,,,,,,,,,,,,,,,,,,,
,3566278,3078000,5547647,,,,,,,,,,,,,,,,,,,,,,,,,,,,,,,,,,,,,,,
,3566279,3078001,5547653,,,,,,,,,,,,,,,,,,,,,,,,,,,,,,,,,,,,,,,
,3566280,3078002,5547655,,,,,,,,,,,,,,,,,,,,,,,,,,,,,,,,,,,,,,,
,3566281,3094780,5547656,,,,,,,,,,,,,,,,,,,,,,,,,,,,,,,,,,,,,,,
,3802951,3094781,5547658,,,,,,,,,,,,,,,,,,,,,,,,,,,,,,,,,,,,,,,
,3566282,3094783,5547659,,,,,,,,,,,,,,,,,,,,,,,,,,,,,,,,,,,,,,,
,3566283,3094787,5548468,,,,,,,,,,,,,,,,,,,,,,,,,,,,,,,,,,,,,,,
,3566284,3094788,5549535,,,,,,,,,,,,,,,,,,,,,,,,,,,,,,,,,,,,,,,
,3566285,3094789,5549575,,,,,,,,,,,,,,,,,,,,,,,,,,,,,,,,,,,,,,,
,3566286,3094790,5585002,,,,,,,,,,,,,,,,,,,,,,,,,,,,,,,,,,,,,,,
,3566287,3094791,5585190,,,,,,,,,,,,,,,,,,,,,,,,,,,,,,,,,,,,,,,
,3566288,3094793,5585192,,,,,,,,,,,,,,,,,,,,,,,,,,,,,,,,,,,,,,,
,3566289,3094794,5585194,,,,,,,,,,,,,,,,,,,,,,,,,,,,,,,,,,,,,,,
,3566290,3098947,5649141,,,,,,,,,,,,,,,,,,,,,,,,,,,,,,,,,,,,,,,
,3566291,3098948,5649142,,,,,,,,,,,,,,,,,,,,,,,,,,,,,,,,,,,,,,,
,3566292,3098950,,,,,,,,,,,,,,,,,,,,,,,,,,,,,,,,,,,,,,,,
,3566293,3098951,,,,,,,,,,,,,,,,,,,,,,,,,,,,,,,,,,,,,,,,
,3566294,3098952,,,,,,,,,,,,,,,,,,,,,,,,,,,,,,,,,,,,,,,,
,3566295,3098957,,,,,,,,,,,,,,,,,,,,,,,,,,,,,,,,,,,,,,,,
,3566296,3098958,,,,,,,,,,,,,,,,,,,,,,,,,,,,,,,,,,,,,,,,
,3566297,3098959,,,,,,,,,,,,,,,,,,,,,,,,,,,,,,,,,,,,,,,,
,3577141,3098960,,,,,,,,,,,,,,,,,,,,,,,,,,,,,,,,,,,,,,,,
,3577142,3098962,,,,,,,,,,,,,,,,,,,,,,,,,,,,,,,,,,,,,,,,
,3577143,3098963,,,,,,,,,,,,,,,,,,,,,,,,,,,,,,,,,,,,,,,,
,3577144,3098964,,,,,,,,,,,,,,,,,,,,,,,,,,,,,,,,,,,,,,,,
,3577145,3098965,,,,,,,,,,,,,,,,,,,,,,,,,,,,,,,,,,,,,,,,
,3577146,3113249,,,,,,,,,,,,,,,,,,,,,,,,,,,,,,,,,,,,,,,,
,3577147,3113250,,,,,,,,,,,,,,,,,,,,,,,,,,,,,,,,,,,,,,,,
,3577148,3549802,,,,,,,,,,,,,,,,,,,,,,,,,,,,,,,,,,,,,,,,
,3577149,3113252,,,,,,,,,,,,,,,,,,,,,,,,,,,,,,,,,,,,,,,,
,3577150,3113253,,,,,,,,,,,,,,,,,,,,,,,,,,,,,,,,,,,,,,,,
,3577151,3707717,,,,,,,,,,,,,,,,,,,,,,,,,,,,,,,,,,,,,,,,
,3577152,3113254,,,,,,,,,,,,,,,,,,,,,,,,,,,,,,,,,,,,,,,,
,3577153,3489030,,,,,,,,,,,,,,,,,,,,,,,,,,,,,,,,,,,,,,,,
,3577154,3113255,,,,,,,,,,,,,,,,,,,,,,,,,,,,,,,,,,,,,,,,
,3577155,4319734,,,,,,,,,,,,,,,,,,,,,,,,,,,,,,,,,,,,,,,,
,3577156,3113256,,,,,,,,,,,,,,,,,,,,,,,,,,,,,,,,,,,,,,,,
,3577157,3113257,,,,,,,,,,,,,,,,,,,,,,,,,,,,,,,,,,,,,,,,
,3577158,3113258,,,,,,,,,,,,,,,,,,,,,,,,,,,,,,,,,,,,,,,,
,3577159,3113259,,,,,,,,,,,,,,,,,,,,,,,,,,,,,,,,,,,,,,,,
,3577160,3113260,,,,,,,,,,,,,,,,,,,,,,,,,,,,,,,,,,,,,,,,
,3577161,3113261,,,,,,,,,,,,,,,,,,,,,,,,,,,,,,,,,,,,,,,,
,3577162,3476469,,,,,,,,,,,,,,,,,,,,,,,,,,,,,,,,,,,,,,,,
,3577163,3113262,,,,,,,,,,,,,,,,,,,,,,,,,,,,,,,,,,,,,,,,
,3577164,3464306,,,,,,,,,,,,,,,,,,,,,,,,,,,,,,,,,,,,,,,,
,3577165,3113263,,,,,,,,,,,,,,,,,,,,,,,,,,,,,,,,,,,,,,,,
,3577166,3464307,,,,,,,,,,,,,,,,,,,,,,,,,,,,,,,,,,,,,,,,
,3577223,3113264,,,,,,,,,,,,,,,,,,,,,,,,,,,,,,,,,,,,,,,,
,3577224,3550353,,,,,,,,,,,,,,,,,,,,,,,,,,,,,,,,,,,,,,,,
,3577225,3113265,,,,,,,,,,,,,,,,,,,,,,,,,,,,,,,,,,,,,,,,
,3577226,3476470,,,,,,,,,,,,,,,,,,,,,,,,,,,,,,,,,,,,,,,,
,3577227,3113266,,,,,,,,,,,,,,,,,,,,,,,,,,,,,,,,,,,,,,,,
,3577228,3113267,,,,,,,,,,,,,,,,,,,,,,,,,,,,,,,,,,,,,,,,
,3577229,3591603,,,,,,,,,,,,,,,,,,,,,,,,,,,,,,,,,,,,,,,,
,3577230,3113268,,,,,,,,,,,,,,,,,,,,,,,,,,,,,,,,,,,,,,,,
,3579507,3710971,,,,,,,,,,,,,,,,,,,,,,,,,,,,,,,,,,,,,,,,
,3585132,3113269,,,,,,,,,,,,,,,,,,,,,,,,,,,,,,,,,,,,,,,,
,3585133,3113270,,,,,,,,,,,,,,,,,,,,,,,,,,,,,,,,,,,,,,,,
,3585134,3691037,,,,,,,,,,,,,,,,,,,,,,,,,,,,,,,,,,,,,,,,
,3585135,3113271,,,,,,,,,,,,,,,,,,,,,,,,,,,,,,,,,,,,,,,,
,3585136,3691038,,,,,,,,,,,,,,,,,,,,,,,,,,,,,,,,,,,,,,,,
,3585137,3113272,,,,,,,,,,,,,,,,,,,,,,,,,,,,,,,,,,,,,,,,
,3585138,3113273,,,,,,,,,,,,,,,,,,,,,,,,,,,,,,,,,,,,,,,,
,3593975,3113274,,,,,,,,,,,,,,,,,,,,,,,,,,,,,,,,,,,,,,,,
,5649061,3113275,,,,,,,,,,,,,,,,,,,,,,,,,,,,,,,,,,,,,,,,
,3593976,3113276,,,,,,,,,,,,,,,,,,,,,,,,,,,,,,,,,,,,,,,,
,5649062,3113277,,,,,,,,,,,,,,,,,,,,,,,,,,,,,,,,,,,,,,,,
,3593977,3113278,,,,,,,,,,,,,,,,,,,,,,,,,,,,,,,,,,,,,,,,
,3710987,3113279,,,,,,,,,,,,,,,,,,,,,,,,,,,,,,,,,,,,,,,,
,3593978,3510471,,,,,,,,,,,,,,,,,,,,,,,,,,,,,,,,,,,,,,,,
,3710988,3113283,,,,,,,,,,,,,,,,,,,,,,,,,,,,,,,,,,,,,,,,
,3593979,3137481,,,,,,,,,,,,,,,,,,,,,,,,,,,,,,,,,,,,,,,,
,3593980,3137482,,,,,,,,,,,,,,,,,,,,,,,,,,,,,,,,,,,,,,,,
,3593981,3137483,,,,,,,,,,,,,,,,,,,,,,,,,,,,,,,,,,,,,,,,
,3593982,3510465,,,,,,,,,,,,,,,,,,,,,,,,,,,,,,,,,,,,,,,,
,3593983,3137484,,,,,,,,,,,,,,,,,,,,,,,,,,,,,,,,,,,,,,,,
,3593984,3137485,,,,,,,,,,,,,,,,,,,,,,,,,,,,,,,,,,,,,,,,
,3593985,3137486,,,,,,,,,,,,,,,,,,,,,,,,,,,,,,,,,,,,,,,,
,3593986,3137487,,,,,,,,,,,,,,,,,,,,,,,,,,,,,,,,,,,,,,,,
,3593987,3137488,,,,,,,,,,,,,,,,,,,,,,,,,,,,,,,,,,,,,,,,
,3593988,3712974,,,,,,,,,,,,,,,,,,,,,,,,,,,,,,,,,,,,,,,,
,3593989,3137490,,,,,,,,,,,,,,,,,,,,,,,,,,,,,,,,,,,,,,,,
,3593990,3615789,,,,,,,,,,,,,,,,,,,,,,,,,,,,,,,,,,,,,,,,
,3593991,3142024,,,,,,,,,,,,,,,,,,,,,,,,,,,,,,,,,,,,,,,,
,3593992,3142025,,,,,,,,,,,,,,,,,,,,,,,,,,,,,,,,,,,,,,,,
,3603642,3142027,,,,,,,,,,,,,,,,,,,,,,,,,,,,,,,,,,,,,,,,
,3603643,3142028,,,,,,,,,,,,,,,,,,,,,,,,,,,,,,,,,,,,,,,,
,3603665,3510466,,,,,,,,,,,,,,,,,,,,,,,,,,,,,,,,,,,,,,,,
,3603666,3142029,,,,,,,,,,,,,,,,,,,,,,,,,,,,,,,,,,,,,,,,
,3603667,4532457,,,,,,,,,,,,,,,,,,,,,,,,,,,,,,,,,,,,,,,,
,3614351,3142030,,,,,,,,,,,,,,,,,,,,,,,,,,,,,,,,,,,,,,,,
,3615803,3142031,,,,,,,,,,,,,,,,,,,,,,,,,,,,,,,,,,,,,,,,
,3615804,3615793,,,,,,,,,,,,,,,,,,,,,,,,,,,,,,,,,,,,,,,,
,3615805,3142998,,,,,,,,,,,,,,,,,,,,,,,,,,,,,,,,,,,,,,,,
,3615806,3143000,,,,,,,,,,,,,,,,,,,,,,,,,,,,,,,,,,,,,,,,
,3615807,3143001,,,,,,,,,,,,,,,,,,,,,,,,,,,,,,,,,,,,,,,,
,3618297,3151391,,,,,,,,,,,,,,,,,,,,,,,,,,,,,,,,,,,,,,,,
,3618298,3340769,,,,,,,,,,,,,,,,,,,,,,,,,,,,,,,,,,,,,,,,
,3618299,3151392,,,,,,,,,,,,,,,,,,,,,,,,,,,,,,,,,,,,,,,,
,3618300,3151393,,,,,,,,,,,,,,,,,,,,,,,,,,,,,,,,,,,,,,,,
,3618301,3151394,,,,,,,,,,,,,,,,,,,,,,,,,,,,,,,,,,,,,,,,
,3618302,3151395,,,,,,,,,,,,,,,,,,,,,,,,,,,,,,,,,,,,,,,,
,3618303,3151396,,,,,,,,,,,,,,,,,,,,,,,,,,,,,,,,,,,,,,,,
,3618304,3151397,,,,,,,,,,,,,,,,,,,,,,,,,,,,,,,,,,,,,,,,
,3642537,3151398,,,,,,,,,,,,,,,,,,,,,,,,,,,,,,,,,,,,,,,,
,3642538,3151399,,,,,,,,,,,,,,,,,,,,,,,,,,,,,,,,,,,,,,,,
,3642539,3151400,,,,,,,,,,,,,,,,,,,,,,,,,,,,,,,,,,,,,,,,
,3642540,3151462,,,,,,,,,,,,,,,,,,,,,,,,,,,,,,,,,,,,,,,,
,3642541,3151467,,,,,,,,,,,,,,,,,,,,,,,,,,,,,,,,,,,,,,,,
,3642542,3189982,,,,,,,,,,,,,,,,,,,,,,,,,,,,,,,,,,,,,,,,
,3642543,3189983,,,,,,,,,,,,,,,,,,,,,,,,,,,,,,,,,,,,,,,,
,3642544,3707716,,,,,,,,,,,,,,,,,,,,,,,,,,,,,,,,,,,,,,,,
,3642545,3189985,,,,,,,,,,,,,,,,,,,,,,,,,,,,,,,,,,,,,,,,
,3642546,4816033,,,,,,,,,,,,,,,,,,,,,,,,,,,,,,,,,,,,,,,,
,3642547,3189986,,,,,,,,,,,,,,,,,,,,,,,,,,,,,,,,,,,,,,,,
,3642548,3550346,,,,,,,,,,,,,,,,,,,,,,,,,,,,,,,,,,,,,,,,
,3642549,3189987,,,,,,,,,,,,,,,,,,,,,,,,,,,,,,,,,,,,,,,,
,3642550,3550347,,,,,,,,,,,,,,,,,,,,,,,,,,,,,,,,,,,,,,,,
,3642551,3189988,,,,,,,,,,,,,,,,,,,,,,,,,,,,,,,,,,,,,,,,
,3928859,3550348,,,,,,,,,,,,,,,,,,,,,,,,,,,,,,,,,,,,,,,,
,3642552,3189989,,,,,,,,,,,,,,,,,,,,,,,,,,,,,,,,,,,,,,,,
,3642553,3550349,,,,,,,,,,,,,,,,,,,,,,,,,,,,,,,,,,,,,,,,
,3642554,3189990,,,,,,,,,,,,,,,,,,,,,,,,,,,,,,,,,,,,,,,,
,3642555,3550350,,,,,,,,,,,,,,,,,,,,,,,,,,,,,,,,,,,,,,,,
,3642556,3189991,,,,,,,,,,,,,,,,,,,,,,,,,,,,,,,,,,,,,,,,
,3642557,3550351,,,,,,,,,,,,,,,,,,,,,,,,,,,,,,,,,,,,,,,,
,3642558,3189992,,,,,,,,,,,,,,,,,,,,,,,,,,,,,,,,,,,,,,,,
,3642559,3550352,,,,,,,,,,,,,,,,,,,,,,,,,,,,,,,,,,,,,,,,
,3642560,3189993,,,,,,,,,,,,,,,,,,,,,,,,,,,,,,,,,,,,,,,,
,3642561,3189994,,,,,,,,,,,,,,,,,,,,,,,,,,,,,,,,,,,,,,,,
,3642562,3189996,,,,,,,,,,,,,,,,,,,,,,,,,,,,,,,,,,,,,,,,
,3642563,3189997,,,,,,,,,,,,,,,,,,,,,,,,,,,,,,,,,,,,,,,,
,3642564,3189999,,,,,,,,,,,,,,,,,,,,,,,,,,,,,,,,,,,,,,,,
,3642565,3190000,,,,,,,,,,,,,,,,,,,,,,,,,,,,,,,,,,,,,,,,
,3642566,4396376,,,,,,,,,,,,,,,,,,,,,,,,,,,,,,,,,,,,,,,,
,3642567,3190001,,,,,,,,,,,,,,,,,,,,,,,,,,,,,,,,,,,,,,,,
,3642568,3190002,,,,,,,,,,,,,,,,,,,,,,,,,,,,,,,,,,,,,,,,
,3642569,3190003,,,,,,,,,,,,,,,,,,,,,,,,,,,,,,,,,,,,,,,,
,3642570,3190004,,,,,,,,,,,,,,,,,,,,,,,,,,,,,,,,,,,,,,,,
,3642571,3615790,,,,,,,,,,,,,,,,,,,,,,,,,,,,,,,,,,,,,,,,
,3642572,3192110,,,,,,,,,,,,,,,,,,,,,,,,,,,,,,,,,,,,,,,,
,3642573,3192111,,,,,,,,,,,,,,,,,,,,,,,,,,,,,,,,,,,,,,,,
,3642574,3208155,,,,,,,,,,,,,,,,,,,,,,,,,,,,,,,,,,,,,,,,
,3642575,3259852,,,,,,,,,,,,,,,,,,,,,,,,,,,,,,,,,,,,,,,,
,3642576,3259853,,,,,,,,,,,,,,,,,,,,,,,,,,,,,,,,,,,,,,,,
,5547589,3695978,,,,,,,,,,,,,,,,,,,,,,,,,,,,,,,,,,,,,,,,
,3642577,3259854,,,,,,,,,,,,,,,,,,,,,,,,,,,,,,,,,,,,,,,,
,5547592,3512001,,,,,,,,,,,,,,,,,,,,,,,,,,,,,,,,,,,,,,,,
,3642578,3259855,,,,,,,,,,,,,,,,,,,,,,,,,,,,,,,,,,,,,,,,
,3642579,3259856,,,,,,,,,,,,,,,,,,,,,,,,,,,,,,,,,,,,,,,,
,3642580,3512002,,,,,,,,,,,,,,,,,,,,,,,,,,,,,,,,,,,,,,,,
,5549561,3259857,,,,,,,,,,,,,,,,,,,,,,,,,,,,,,,,,,,,,,,,
,3642581,3929644,,,,,,,,,,,,,,,,,,,,,,,,,,,,,,,,,,,,,,,,
,5549562,3259858,,,,,,,,,,,,,,,,,,,,,,,,,,,,,,,,,,,,,,,,
,3642582,3259859,,,,,,,,,,,,,,,,,,,,,,,,,,,,,,,,,,,,,,,,
,3642583,3259860,,,,,,,,,,,,,,,,,,,,,,,,,,,,,,,,,,,,,,,,
,3644757,3259861,,,,,,,,,,,,,,,,,,,,,,,,,,,,,,,,,,,,,,,,
,3644758,3259862,,,,,,,,,,,,,,,,,,,,,,,,,,,,,,,,,,,,,,,,
,3644759,3259863,,,,,,,,,,,,,,,,,,,,,,,,,,,,,,,,,,,,,,,,
,3644760,3259864,,,,,,,,,,,,,,,,,,,,,,,,,,,,,,,,,,,,,,,,
,3644761,3259865,,,,,,,,,,,,,,,,,,,,,,,,,,,,,,,,,,,,,,,,
,3644762,3259866,,,,,,,,,,,,,,,,,,,,,,,,,,,,,,,,,,,,,,,,
,3644763,3259867,,,,,,,,,,,,,,,,,,,,,,,,,,,,,,,,,,,,,,,,
,3644764,3259868,,,,,,,,,,,,,,,,,,,,,,,,,,,,,,,,,,,,,,,,
,3644765,3260506,,,,,,,,,,,,,,,,,,,,,,,,,,,,,,,,,,,,,,,,
,3654919,3260507,,,,,,,,,,,,,,,,,,,,,,,,,,,,,,,,,,,,,,,,
,3654920,3260508,,,,,,,,,,,,,,,,,,,,,,,,,,,,,,,,,,,,,,,,
,3654921,4849442,,,,,,,,,,,,,,,,,,,,,,,,,,,,,,,,,,,,,,,,
,3654922,3260509,,,,,,,,,,,,,,,,,,,,,,,,,,,,,,,,,,,,,,,,
,3654923,3304179,,,,,,,,,,,,,,,,,,,,,,,,,,,,,,,,,,,,,,,,
,3679638,3710967,,,,,,,,,,,,,,,,,,,,,,,,,,,,,,,,,,,,,,,,
,3679641,3304180,,,,,,,,,,,,,,,,,,,,,,,,,,,,,,,,,,,,,,,,
,3679645,3304181,,,,,,,,,,,,,,,,,,,,,,,,,,,,,,,,,,,,,,,,
,3679977,3304182,,,,,,,,,,,,,,,,,,,,,,,,,,,,,,,,,,,,,,,,
,3679978,3304183,,,,,,,,,,,,,,,,,,,,,,,,,,,,,,,,,,,,,,,,
,3683923,3304184,,,,,,,,,,,,,,,,,,,,,,,,,,,,,,,,,,,,,,,,
,3683924,3309709,,,,,,,,,,,,,,,,,,,,,,,,,,,,,,,,,,,,,,,,
,3683925,3351526,,,,,,,,,,,,,,,,,,,,,,,,,,,,,,,,,,,,,,,,
,3690929,3351527,,,,,,,,,,,,,,,,,,,,,,,,,,,,,,,,,,,,,,,,
,3690930,3351528,,,,,,,,,,,,,,,,,,,,,,,,,,,,,,,,,,,,,,,,
,5547591,3351529,,,,,,,,,,,,,,,,,,,,,,,,,,,,,,,,,,,,,,,,
,3690931,3716675,,,,,,,,,,,,,,,,,,,,,,,,,,,,,,,,,,,,,,,,
,5547593,3351530,,,,,,,,,,,,,,,,,,,,,,,,,,,,,,,,,,,,,,,,
,3690932,3550344,,,,,,,,,,,,,,,,,,,,,,,,,,,,,,,,,,,,,,,,
,5649063,3351531,,,,,,,,,,,,,,,,,,,,,,,,,,,,,,,,,,,,,,,,
,3696044,3351532,,,,,,,,,,,,,,,,,,,,,,,,,,,,,,,,,,,,,,,,
,3697945,3351533,,,,,,,,,,,,,,,,,,,,,,,,,,,,,,,,,,,,,,,,
,3697946,3615786,,,,,,,,,,,,,,,,,,,,,,,,,,,,,,,,,,,,,,,,
,3697947,3351534,,,,,,,,,,,,,,,,,,,,,,,,,,,,,,,,,,,,,,,,
,3697948,3712975,,,,,,,,,,,,,,,,,,,,,,,,,,,,,,,,,,,,,,,,
,3697949,3375376,,,,,,,,,,,,,,,,,,,,,,,,,,,,,,,,,,,,,,,,
,3699786,3389467,,,,,,,,,,,,,,,,,,,,,,,,,,,,,,,,,,,,,,,,
,3699787,3615768,,,,,,,,,,,,,,,,,,,,,,,,,,,,,,,,,,,,,,,,
,3699788,3389468,,,,,,,,,,,,,,,,,,,,,,,,,,,,,,,,,,,,,,,,
,3699789,3389469,,,,,,,,,,,,,,,,,,,,,,,,,,,,,,,,,,,,,,,,
,3705596,3615769,,,,,,,,,,,,,,,,,,,,,,,,,,,,,,,,,,,,,,,,
,3705597,3389470,,,,,,,,,,,,,,,,,,,,,,,,,,,,,,,,,,,,,,,,
,3705598,3389471,,,,,,,,,,,,,,,,,,,,,,,,,,,,,,,,,,,,,,,,
,3710989,3389472,,,,,,,,,,,,,,,,,,,,,,,,,,,,,,,,,,,,,,,,
,3716619,3389473,,,,,,,,,,,,,,,,,,,,,,,,,,,,,,,,,,,,,,,,
,3722053,3389474,,,,,,,,,,,,,,,,,,,,,,,,,,,,,,,,,,,,,,,,
,3726797,3712973,,,,,,,,,,,,,,,,,,,,,,,,,,,,,,,,,,,,,,,,
,3749656,3439230,,,,,,,,,,,,,,,,,,,,,,,,,,,,,,,,,,,,,,,,
,4947007,3439231,,,,,,,,,,,,,,,,,,,,,,,,,,,,,,,,,,,,,,,,
,3749657,3439232,,,,,,,,,,,,,,,,,,,,,,,,,,,,,,,,,,,,,,,,
,5547759,3439233,,,,,,,,,,,,,,,,,,,,,,,,,,,,,,,,,,,,,,,,
,3761861,3439234,,,,,,,,,,,,,,,,,,,,,,,,,,,,,,,,,,,,,,,,
,3761862,3439235,,,,,,,,,,,,,,,,,,,,,,,,,,,,,,,,,,,,,,,,
,3761863,3439236,,,,,,,,,,,,,,,,,,,,,,,,,,,,,,,,,,,,,,,,
,3761864,3439237,,,,,,,,,,,,,,,,,,,,,,,,,,,,,,,,,,,,,,,,
,3761865,3443444,,,,,,,,,,,,,,,,,,,,,,,,,,,,,,,,,,,,,,,,
,3772474,3489031,,,,,,,,,,,,,,,,,,,,,,,,,,,,,,,,,,,,,,,,
,3776027,3443445,,,,,,,,,,,,,,,,,,,,,,,,,,,,,,,,,,,,,,,,
,3776028,3443446,,,,,,,,,,,,,,,,,,,,,,,,,,,,,,,,,,,,,,,,
,3784050,3443447,,,,,,,,,,,,,,,,,,,,,,,,,,,,,,,,,,,,,,,,
,3816774,3443448,,,,,,,,,,,,,,,,,,,,,,,,,,,,,,,,,,,,,,,,
,3816775,3476336,,,,,,,,,,,,,,,,,,,,,,,,,,,,,,,,,,,,,,,,
,3816776,3476337,,,,,,,,,,,,,,,,,,,,,,,,,,,,,,,,,,,,,,,,
,3816777,3476338,,,,,,,,,,,,,,,,,,,,,,,,,,,,,,,,,,,,,,,,
,3816778,3476468,,,,,,,,,,,,,,,,,,,,,,,,,,,,,,,,,,,,,,,,
,3816779,3488732,,,,,,,,,,,,,,,,,,,,,,,,,,,,,,,,,,,,,,,,
,3816780,3488768,,,,,,,,,,,,,,,,,,,,,,,,,,,,,,,,,,,,,,,,
,3816781,3489029,,,,,,,,,,,,,,,,,,,,,,,,,,,,,,,,,,,,,,,,
,3816782,3503749,,,,,,,,,,,,,,,,,,,,,,,,,,,,,,,,,,,,,,,,
,3816783,3615787,,,,,,,,,,,,,,,,,,,,,,,,,,,,,,,,,,,,,,,,
,3816784,3503750,,,,,,,,,,,,,,,,,,,,,,,,,,,,,,,,,,,,,,,,
,3816785,3510467,,,,,,,,,,,,,,,,,,,,,,,,,,,,,,,,,,,,,,,,
,3816786,3510468,,,,,,,,,,,,,,,,,,,,,,,,,,,,,,,,,,,,,,,,
,3816787,3510469,,,,,,,,,,,,,,,,,,,,,,,,,,,,,,,,,,,,,,,,
,3816788,3510470,,,,,,,,,,,,,,,,,,,,,,,,,,,,,,,,,,,,,,,,
,3816789,3514568,,,,,,,,,,,,,,,,,,,,,,,,,,,,,,,,,,,,,,,,
,3816790,3550354,,,,,,,,,,,,,,,,,,,,,,,,,,,,,,,,,,,,,,,,
,3816791,3560372,,,,,,,,,,,,,,,,,,,,,,,,,,,,,,,,,,,,,,,,
,3816792,3560373,,,,,,,,,,,,,,,,,,,,,,,,,,,,,,,,,,,,,,,,
,3816793,3566255,,,,,,,,,,,,,,,,,,,,,,,,,,,,,,,,,,,,,,,,
,3816794,3566256,,,,,,,,,,,,,,,,,,,,,,,,,,,,,,,,,,,,,,,,
,3816795,3566257,,,,,,,,,,,,,,,,,,,,,,,,,,,,,,,,,,,,,,,,
,3816796,3583099,,,,,,,,,,,,,,,,,,,,,,,,,,,,,,,,,,,,,,,,
,3816797,3583100,,,,,,,,,,,,,,,,,,,,,,,,,,,,,,,,,,,,,,,,
,3816798,3583101,,,,,,,,,,,,,,,,,,,,,,,,,,,,,,,,,,,,,,,,
,3816799,3583102,,,,,,,,,,,,,,,,,,,,,,,,,,,,,,,,,,,,,,,,
,3816800,3583103,,,,,,,,,,,,,,,,,,,,,,,,,,,,,,,,,,,,,,,,
,3816801,3583104,,,,,,,,,,,,,,,,,,,,,,,,,,,,,,,,,,,,,,,,
,3816802,3583105,,,,,,,,,,,,,,,,,,,,,,,,,,,,,,,,,,,,,,,,
,3816803,3603671,,,,,,,,,,,,,,,,,,,,,,,,,,,,,,,,,,,,,,,,
,3816804,3615781,,,,,,,,,,,,,,,,,,,,,,,,,,,,,,,,,,,,,,,,
,3816805,3615782,,,,,,,,,,,,,,,,,,,,,,,,,,,,,,,,,,,,,,,,
,3816806,3615783,,,,,,,,,,,,,,,,,,,,,,,,,,,,,,,,,,,,,,,,
,3816807,3615784,,,,,,,,,,,,,,,,,,,,,,,,,,,,,,,,,,,,,,,,
,3816808,3615785,,,,,,,,,,,,,,,,,,,,,,,,,,,,,,,,,,,,,,,,
,3816809,3615788,,,,,,,,,,,,,,,,,,,,,,,,,,,,,,,,,,,,,,,,
,3816810,3615791,,,,,,,,,,,,,,,,,,,,,,,,,,,,,,,,,,,,,,,,
,3816811,3615792,,,,,,,,,,,,,,,,,,,,,,,,,,,,,,,,,,,,,,,,
,3816812,3642534,,,,,,,,,,,,,,,,,,,,,,,,,,,,,,,,,,,,,,,,
,3841301,3642535,,,,,,,,,,,,,,,,,,,,,,,,,,,,,,,,,,,,,,,,
,3841302,5382347,,,,,,,,,,,,,,,,,,,,,,,,,,,,,,,,,,,,,,,,
,3881458,3642536,,,,,,,,,,,,,,,,,,,,,,,,,,,,,,,,,,,,,,,,
,3881459,4707661,,,,,,,,,,,,,,,,,,,,,,,,,,,,,,,,,,,,,,,,
,3881680,3654918,,,,,,,,,,,,,,,,,,,,,,,,,,,,,,,,,,,,,,,,
,3884368,3691036,,,,,,,,,,,,,,,,,,,,,,,,,,,,,,,,,,,,,,,,
,3884369,3710969,,,,,,,,,,,,,,,,,,,,,,,,,,,,,,,,,,,,,,,,
,3884370,3710972,,,,,,,,,,,,,,,,,,,,,,,,,,,,,,,,,,,,,,,,
,3890228,3710973,,,,,,,,,,,,,,,,,,,,,,,,,,,,,,,,,,,,,,,,
,3902927,3710974,,,,,,,,,,,,,,,,,,,,,,,,,,,,,,,,,,,,,,,,
,3929250,3721350,,,,,,,,,,,,,,,,,,,,,,,,,,,,,,,,,,,,,,,,
,3929251,3726393,,,,,,,,,,,,,,,,,,,,,,,,,,,,,,,,,,,,,,,,
,3943064,3726761,,,,,,,,,,,,,,,,,,,,,,,,,,,,,,,,,,,,,,,,
,3943065,3726762,,,,,,,,,,,,,,,,,,,,,,,,,,,,,,,,,,,,,,,,
,3943066,3726763,,,,,,,,,,,,,,,,,,,,,,,,,,,,,,,,,,,,,,,,
,3943067,3746740,,,,,,,,,,,,,,,,,,,,,,,,,,,,,,,,,,,,,,,,
,3966075,3746741,,,,,,,,,,,,,,,,,,,,,,,,,,,,,,,,,,,,,,,,
,3966076,3795521,,,,,,,,,,,,,,,,,,,,,,,,,,,,,,,,,,,,,,,,
,3966077,3965924,,,,,,,,,,,,,,,,,,,,,,,,,,,,,,,,,,,,,,,,
,3966078,3965925,,,,,,,,,,,,,,,,,,,,,,,,,,,,,,,,,,,,,,,,
,3966081,3965926,,,,,,,,,,,,,,,,,,,,,,,,,,,,,,,,,,,,,,,,
,3966082,3965927,,,,,,,,,,,,,,,,,,,,,,,,,,,,,,,,,,,,,,,,
,3966083,4012487,,,,,,,,,,,,,,,,,,,,,,,,,,,,,,,,,,,,,,,,
,3966084,4012488,,,,,,,,,,,,,,,,,,,,,,,,,,,,,,,,,,,,,,,,
,3966085,4030072,,,,,,,,,,,,,,,,,,,,,,,,,,,,,,,,,,,,,,,,
,3966086,4152658,,,,,,,,,,,,,,,,,,,,,,,,,,,,,,,,,,,,,,,,
,3966087,4156216,,,,,,,,,,,,,,,,,,,,,,,,,,,,,,,,,,,,,,,,
,3966088,4156217,,,,,,,,,,,,,,,,,,,,,,,,,,,,,,,,,,,,,,,,
,3966089,4783102,,,,,,,,,,,,,,,,,,,,,,,,,,,,,,,,,,,,,,,,
,3966090,4783103,,,,,,,,,,,,,,,,,,,,,,,,,,,,,,,,,,,,,,,,
,3966091,4783104,,,,,,,,,,,,,,,,,,,,,,,,,,,,,,,,,,,,,,,,
,3966092,4783105,,,,,,,,,,,,,,,,,,,,,,,,,,,,,,,,,,,,,,,,
,3966093,4809536,,,,,,,,,,,,,,,,,,,,,,,,,,,,,,,,,,,,,,,,
,3966094,4844195,,,,,,,,,,,,,,,,,,,,,,,,,,,,,,,,,,,,,,,,
,3966095,4882079,,,,,,,,,,,,,,,,,,,,,,,,,,,,,,,,,,,,,,,,
,3966096,,,,,,,,,,,,,,,,,,,,,,,,,,,,,,,,,,,,,,,,,
,3966097,,,,,,,,,,,,,,,,,,,,,,,,,,,,,,,,,,,,,,,,,
,3966098,,,,,,,,,,,,,,,,,,,,,,,,,,,,,,,,,,,,,,,,,
,3966099,,,,,,,,,,,,,,,,,,,,,,,,,,,,,,,,,,,,,,,,,
,3966100,,,,,,,,,,,,,,,,,,,,,,,,,,,,,,,,,,,,,,,,,
,3966101,,,,,,,,,,,,,,,,,,,,,,,,,,,,,,,,,,,,,,,,,
,3966102,,,,,,,,,,,,,,,,,,,,,,,,,,,,,,,,,,,,,,,,,
,3966103,,,,,,,,,,,,,,,,,,,,,,,,,,,,,,,,,,,,,,,,,
,3966104,,,,,,,,,,,,,,,,,,,,,,,,,,,,,,,,,,,,,,,,,
,3966105,,,,,,,,,,,,,,,,,,,,,,,,,,,,,,,,,,,,,,,,,
,3966106,,,,,,,,,,,,,,,,,,,,,,,,,,,,,,,,,,,,,,,,,
,3966107,,,,,,,,,,,,,,,,,,,,,,,,,,,,,,,,,,,,,,,,,
,3966108,,,,,,,,,,,,,,,,,,,,,,,,,,,,,,,,,,,,,,,,,
,3966109,,,,,,,,,,,,,,,,,,,,,,,,,,,,,,,,,,,,,,,,,
,3966110,,,,,,,,,,,,,,,,,,,,,,,,,,,,,,,,,,,,,,,,,
,3966111,,,,,,,,,,,,,,,,,,,,,,,,,,,,,,,,,,,,,,,,,
,3966112,,,,,,,,,,,,,,,,,,,,,,,,,,,,,,,,,,,,,,,,,
,3966113,,,,,,,,,,,,,,,,,,,,,,,,,,,,,,,,,,,,,,,,,
,3966114,,,,,,,,,,,,,,,,,,,,,,,,,,,,,,,,,,,,,,,,,
,3966115,,,,,,,,,,,,,,,,,,,,,,,,,,,,,,,,,,,,,,,,,
,3966116,,,,,,,,,,,,,,,,,,,,,,,,,,,,,,,,,,,,,,,,,
,3966537,,,,,,,,,,,,,,,,,,,,,,,,,,,,,,,,,,,,,,,,,
,3966538,,,,,,,,,,,,,,,,,,,,,,,,,,,,,,,,,,,,,,,,,
,3966539,,,,,,,,,,,,,,,,,,,,,,,,,,,,,,,,,,,,,,,,,
,3966540,,,,,,,,,,,,,,,,,,,,,,,,,,,,,,,,,,,,,,,,,
,3966541,,,,,,,,,,,,,,,,,,,,,,,,,,,,,,,,,,,,,,,,,
,3966542,,,,,,,,,,,,,,,,,,,,,,,,,,,,,,,,,,,,,,,,,
,3966543,,,,,,,,,,,,,,,,,,,,,,,,,,,,,,,,,,,,,,,,,
,3966544,,,,,,,,,,,,,,,,,,,,,,,,,,,,,,,,,,,,,,,,,
,3966545,,,,,,,,,,,,,,,,,,,,,,,,,,,,,,,,,,,,,,,,,
,3966546,,,,,,,,,,,,,,,,,,,,,,,,,,,,,,,,,,,,,,,,,
,3966547,,,,,,,,,,,,,,,,,,,,,,,,,,,,,,,,,,,,,,,,,
,3966548,,,,,,,,,,,,,,,,,,,,,,,,,,,,,,,,,,,,,,,,,
,3966549,,,,,,,,,,,,,,,,,,,,,,,,,,,,,,,,,,,,,,,,,
,3966550,,,,,,,,,,,,,,,,,,,,,,,,,,,,,,,,,,,,,,,,,
,3966551,,,,,,,,,,,,,,,,,,,,,,,,,,,,,,,,,,,,,,,,,
,3966552,,,,,,,,,,,,,,,,,,,,,,,,,,,,,,,,,,,,,,,,,
,3966553,,,,,,,,,,,,,,,,,,,,,,,,,,,,,,,,,,,,,,,,,
,3966554,,,,,,,,,,,,,,,,,,,,,,,,,,,,,,,,,,,,,,,,,
,3966555,,,,,,,,,,,,,,,,,,,,,,,,,,,,,,,,,,,,,,,,,
,3966556,,,,,,,,,,,,,,,,,,,,,,,,,,,,,,,,,,,,,,,,,
,4004682,,,,,,,,,,,,,,,,,,,,,,,,,,,,,,,,,,,,,,,,,
,4004683,,,,,,,,,,,,,,,,,,,,,,,,,,,,,,,,,,,,,,,,,
,4004684,,,,,,,,,,,,,,,,,,,,,,,,,,,,,,,,,,,,,,,,,
,4004685,,,,,,,,,,,,,,,,,,,,,,,,,,,,,,,,,,,,,,,,,
,4055930,,,,,,,,,,,,,,,,,,,,,,,,,,,,,,,,,,,,,,,,,
,4055931,,,,,,,,,,,,,,,,,,,,,,,,,,,,,,,,,,,,,,,,,
,4055933,,,,,,,,,,,,,,,,,,,,,,,,,,,,,,,,,,,,,,,,,
,4055934,,,,,,,,,,,,,,,,,,,,,,,,,,,,,,,,,,,,,,,,,
,4055935,,,,,,,,,,,,,,,,,,,,,,,,,,,,,,,,,,,,,,,,,
,4055936,,,,,,,,,,,,,,,,,,,,,,,,,,,,,,,,,,,,,,,,,
,4055937,,,,,,,,,,,,,,,,,,,,,,,,,,,,,,,,,,,,,,,,,
,4056207,,,,,,,,,,,,,,,,,,,,,,,,,,,,,,,,,,,,,,,,,
,4119796,,,,,,,,,,,,,,,,,,,,,,,,,,,,,,,,,,,,,,,,,
,4156222,,,,,,,,,,,,,,,,,,,,,,,,,,,,,,,,,,,,,,,,,
,4156223,,,,,,,,,,,,,,,,,,,,,,,,,,,,,,,,,,,,,,,,,
,4156224,,,,,,,,,,,,,,,,,,,,,,,,,,,,,,,,,,,,,,,,,
,4156226,,,,,,,,,,,,,,,,,,,,,,,,,,,,,,,,,,,,,,,,,
,4156227,,,,,,,,,,,,,,,,,,,,,,,,,,,,,,,,,,,,,,,,,
,4156228,,,,,,,,,,,,,,,,,,,,,,,,,,,,,,,,,,,,,,,,,
,4156229,,,,,,,,,,,,,,,,,,,,,,,,,,,,,,,,,,,,,,,,,
,4156230,,,,,,,,,,,,,,,,,,,,,,,,,,,,,,,,,,,,,,,,,
,4156231,,,,,,,,,,,,,,,,,,,,,,,,,,,,,,,,,,,,,,,,,
,4156232,,,,,,,,,,,,,,,,,,,,,,,,,,,,,,,,,,,,,,,,,
,4156233,,,,,,,,,,,,,,,,,,,,,,,,,,,,,,,,,,,,,,,,,
,4156234,,,,,,,,,,,,,,,,,,,,,,,,,,,,,,,,,,,,,,,,,
,4156235,,,,,,,,,,,,,,,,,,,,,,,,,,,,,,,,,,,,,,,,,
,4156236,,,,,,,,,,,,,,,,,,,,,,,,,,,,,,,,,,,,,,,,,
,4156237,,,,,,,,,,,,,,,,,,,,,,,,,,,,,,,,,,,,,,,,,
,4156238,,,,,,,,,,,,,,,,,,,,,,,,,,,,,,,,,,,,,,,,,
,4156239,,,,,,,,,,,,,,,,,,,,,,,,,,,,,,,,,,,,,,,,,
,4156240,,,,,,,,,,,,,,,,,,,,,,,,,,,,,,,,,,,,,,,,,
,4156241,,,,,,,,,,,,,,,,,,,,,,,,,,,,,,,,,,,,,,,,,
,4156242,,,,,,,,,,,,,,,,,,,,,,,,,,,,,,,,,,,,,,,,,
,4156243,,,,,,,,,,,,,,,,,,,,,,,,,,,,,,,,,,,,,,,,,
,4156244,,,,,,,,,,,,,,,,,,,,,,,,,,,,,,,,,,,,,,,,,
,4156250,,,,,,,,,,,,,,,,,,,,,,,,,,,,,,,,,,,,,,,,,
,4193962,,,,,,,,,,,,,,,,,,,,,,,,,,,,,,,,,,,,,,,,,
,4224870,,,,,,,,,,,,,,,,,,,,,,,,,,,,,,,,,,,,,,,,,
,4224871,,,,,,,,,,,,,,,,,,,,,,,,,,,,,,,,,,,,,,,,,
,4224872,,,,,,,,,,,,,,,,,,,,,,,,,,,,,,,,,,,,,,,,,
,4532504,,,,,,,,,,,,,,,,,,,,,,,,,,,,,,,,,,,,,,,,,
,4224873,,,,,,,,,,,,,,,,,,,,,,,,,,,,,,,,,,,,,,,,,
,4224874,,,,,,,,,,,,,,,,,,,,,,,,,,,,,,,,,,,,,,,,,
,4224875,,,,,,,,,,,,,,,,,,,,,,,,,,,,,,,,,,,,,,,,,
,4224876,,,,,,,,,,,,,,,,,,,,,,,,,,,,,,,,,,,,,,,,,
,4224877,,,,,,,,,,,,,,,,,,,,,,,,,,,,,,,,,,,,,,,,,
,4224878,,,,,,,,,,,,,,,,,,,,,,,,,,,,,,,,,,,,,,,,,
,5331672,,,,,,,,,,,,,,,,,,,,,,,,,,,,,,,,,,,,,,,,,
,4224879,,,,,,,,,,,,,,,,,,,,,,,,,,,,,,,,,,,,,,,,,
,4224880,,,,,,,,,,,,,,,,,,,,,,,,,,,,,,,,,,,,,,,,,
,4224881,,,,,,,,,,,,,,,,,,,,,,,,,,,,,,,,,,,,,,,,,
,4224882,,,,,,,,,,,,,,,,,,,,,,,,,,,,,,,,,,,,,,,,,
,4224883,,,,,,,,,,,,,,,,,,,,,,,,,,,,,,,,,,,,,,,,,
,4224884,,,,,,,,,,,,,,,,,,,,,,,,,,,,,,,,,,,,,,,,,
,4224885,,,,,,,,,,,,,,,,,,,,,,,,,,,,,,,,,,,,,,,,,
,4224886,,,,,,,,,,,,,,,,,,,,,,,,,,,,,,,,,,,,,,,,,
,4224887,,,,,,,,,,,,,,,,,,,,,,,,,,,,,,,,,,,,,,,,,
,4224888,,,,,,,,,,,,,,,,,,,,,,,,,,,,,,,,,,,,,,,,,
,5331676,,,,,,,,,,,,,,,,,,,,,,,,,,,,,,,,,,,,,,,,,
,4224889,,,,,,,,,,,,,,,,,,,,,,,,,,,,,,,,,,,,,,,,,
,5331677,,,,,,,,,,,,,,,,,,,,,,,,,,,,,,,,,,,,,,,,,
,4224891,,,,,,,,,,,,,,,,,,,,,,,,,,,,,,,,,,,,,,,,,
,4224892,,,,,,,,,,,,,,,,,,,,,,,,,,,,,,,,,,,,,,,,,
,4224893,,,,,,,,,,,,,,,,,,,,,,,,,,,,,,,,,,,,,,,,,
,4224894,,,,,,,,,,,,,,,,,,,,,,,,,,,,,,,,,,,,,,,,,
,4224895,,,,,,,,,,,,,,,,,,,,,,,,,,,,,,,,,,,,,,,,,
,4224896,,,,,,,,,,,,,,,,,,,,,,,,,,,,,,,,,,,,,,,,,
,4224897,,,,,,,,,,,,,,,,,,,,,,,,,,,,,,,,,,,,,,,,,
,4224898,,,,,,,,,,,,,,,,,,,,,,,,,,,,,,,,,,,,,,,,,
,4224899,,,,,,,,,,,,,,,,,,,,,,,,,,,,,,,,,,,,,,,,,
,4224900,,,,,,,,,,,,,,,,,,,,,,,,,,,,,,,,,,,,,,,,,
,4224901,,,,,,,,,,,,,,,,,,,,,,,,,,,,,,,,,,,,,,,,,
,4224902,,,,,,,,,,,,,,,,,,,,,,,,,,,,,,,,,,,,,,,,,
,4224903,,,,,,,,,,,,,,,,,,,,,,,,,,,,,,,,,,,,,,,,,
,4224904,,,,,,,,,,,,,,,,,,,,,,,,,,,,,,,,,,,,,,,,,
,4224905,,,,,,,,,,,,,,,,,,,,,,,,,,,,,,,,,,,,,,,,,
,4224906,,,,,,,,,,,,,,,,,,,,,,,,,,,,,,,,,,,,,,,,,
,4224907,,,,,,,,,,,,,,,,,,,,,,,,,,,,,,,,,,,,,,,,,
,4224908,,,,,,,,,,,,,,,,,,,,,,,,,,,,,,,,,,,,,,,,,
,4224909,,,,,,,,,,,,,,,,,,,,,,,,,,,,,,,,,,,,,,,,,
,4224910,,,,,,,,,,,,,,,,,,,,,,,,,,,,,,,,,,,,,,,,,
,4224911,,,,,,,,,,,,,,,,,,,,,,,,,,,,,,,,,,,,,,,,,
,4224912,,,,,,,,,,,,,,,,,,,,,,,,,,,,,,,,,,,,,,,,,
,4224913,,,,,,,,,,,,,,,,,,,,,,,,,,,,,,,,,,,,,,,,,
,4224914,,,,,,,,,,,,,,,,,,,,,,,,,,,,,,,,,,,,,,,,,
,4224915,,,,,,,,,,,,,,,,,,,,,,,,,,,,,,,,,,,,,,,,,
,4224916,,,,,,,,,,,,,,,,,,,,,,,,,,,,,,,,,,,,,,,,,
,4224917,,,,,,,,,,,,,,,,,,,,,,,,,,,,,,,,,,,,,,,,,
,4224918,,,,,,,,,,,,,,,,,,,,,,,,,,,,,,,,,,,,,,,,,
,4224919,,,,,,,,,,,,,,,,,,,,,,,,,,,,,,,,,,,,,,,,,
,4224920,,,,,,,,,,,,,,,,,,,,,,,,,,,,,,,,,,,,,,,,,
,4224921,,,,,,,,,,,,,,,,,,,,,,,,,,,,,,,,,,,,,,,,,
,4224922,,,,,,,,,,,,,,,,,,,,,,,,,,,,,,,,,,,,,,,,,
,4224923,,,,,,,,,,,,,,,,,,,,,,,,,,,,,,,,,,,,,,,,,
,4224924,,,,,,,,,,,,,,,,,,,,,,,,,,,,,,,,,,,,,,,,,
,5331678,,,,,,,,,,,,,,,,,,,,,,,,,,,,,,,,,,,,,,,,,
,4224925,,,,,,,,,,,,,,,,,,,,,,,,,,,,,,,,,,,,,,,,,
,4224926,,,,,,,,,,,,,,,,,,,,,,,,,,,,,,,,,,,,,,,,,
,5331679,,,,,,,,,,,,,,,,,,,,,,,,,,,,,,,,,,,,,,,,,
,4224927,,,,,,,,,,,,,,,,,,,,,,,,,,,,,,,,,,,,,,,,,
,5331680,,,,,,,,,,,,,,,,,,,,,,,,,,,,,,,,,,,,,,,,,
,4224928,,,,,,,,,,,,,,,,,,,,,,,,,,,,,,,,,,,,,,,,,
,4224929,,,,,,,,,,,,,,,,,,,,,,,,,,,,,,,,,,,,,,,,,
,4224930,,,,,,,,,,,,,,,,,,,,,,,,,,,,,,,,,,,,,,,,,
,5325185,,,,,,,,,,,,,,,,,,,,,,,,,,,,,,,,,,,,,,,,,
,4224932,,,,,,,,,,,,,,,,,,,,,,,,,,,,,,,,,,,,,,,,,
,4393928,,,,,,,,,,,,,,,,,,,,,,,,,,,,,,,,,,,,,,,,,
,4394200,,,,,,,,,,,,,,,,,,,,,,,,,,,,,,,,,,,,,,,,,
,4394201,,,,,,,,,,,,,,,,,,,,,,,,,,,,,,,,,,,,,,,,,
,4532478,,,,,,,,,,,,,,,,,,,,,,,,,,,,,,,,,,,,,,,,,
,4532505,,,,,,,,,,,,,,,,,,,,,,,,,,,,,,,,,,,,,,,,,
,4532506,,,,,,,,,,,,,,,,,,,,,,,,,,,,,,,,,,,,,,,,,
,4774863,,,,,,,,,,,,,,,,,,,,,,,,,,,,,,,,,,,,,,,,,
,4783132,,,,,,,,,,,,,,,,,,,,,,,,,,,,,,,,,,,,,,,,,
,4783133,,,,,,,,,,,,,,,,,,,,,,,,,,,,,,,,,,,,,,,,,
,4783134,,,,,,,,,,,,,,,,,,,,,,,,,,,,,,,,,,,,,,,,,
,4783300,,,,,,,,,,,,,,,,,,,,,,,,,,,,,,,,,,,,,,,,,
,4783301,,,,,,,,,,,,,,,,,,,,,,,,,,,,,,,,,,,,,,,,,
,4783302,,,,,,,,,,,,,,,,,,,,,,,,,,,,,,,,,,,,,,,,,
,4791101,,,,,,,,,,,,,,,,,,,,,,,,,,,,,,,,,,,,,,,,,
,4791102,,,,,,,,,,,,,,,,,,,,,,,,,,,,,,,,,,,,,,,,,
,4791103,,,,,,,,,,,,,,,,,,,,,,,,,,,,,,,,,,,,,,,,,
,4791104,,,,,,,,,,,,,,,,,,,,,,,,,,,,,,,,,,,,,,,,,
,4791105,,,,,,,,,,,,,,,,,,,,,,,,,,,,,,,,,,,,,,,,,
,4791199,,,,,,,,,,,,,,,,,,,,,,,,,,,,,,,,,,,,,,,,,
,4791200,,,,,,,,,,,,,,,,,,,,,,,,,,,,,,,,,,,,,,,,,
,4809554,,,,,,,,,,,,,,,,,,,,,,,,,,,,,,,,,,,,,,,,,
,4809555,,,,,,,,,,,,,,,,,,,,,,,,,,,,,,,,,,,,,,,,,
,4809556,,,,,,,,,,,,,,,,,,,,,,,,,,,,,,,,,,,,,,,,,
,4809557,,,,,,,,,,,,,,,,,,,,,,,,,,,,,,,,,,,,,,,,,
,4809558,,,,,,,,,,,,,,,,,,,,,,,,,,,,,,,,,,,,,,,,,
,4818446,,,,,,,,,,,,,,,,,,,,,,,,,,,,,,,,,,,,,,,,,
,4818447,,,,,,,,,,,,,,,,,,,,,,,,,,,,,,,,,,,,,,,,,
,4818448,,,,,,,,,,,,,,,,,,,,,,,,,,,,,,,,,,,,,,,,,
,4818449,,,,,,,,,,,,,,,,,,,,,,,,,,,,,,,,,,,,,,,,,
,4818450,,,,,,,,,,,,,,,,,,,,,,,,,,,,,,,,,,,,,,,,,
,4818451,,,,,,,,,,,,,,,,,,,,,,,,,,,,,,,,,,,,,,,,,
,4818452,,,,,,,,,,,,,,,,,,,,,,,,,,,,,,,,,,,,,,,,,
,4818453,,,,,,,,,,,,,,,,,,,,,,,,,,,,,,,,,,,,,,,,,
,4818454,,,,,,,,,,,,,,,,,,,,,,,,,,,,,,,,,,,,,,,,,
,4818455,,,,,,,,,,,,,,,,,,,,,,,,,,,,,,,,,,,,,,,,,
,4820906,,,,,,,,,,,,,,,,,,,,,,,,,,,,,,,,,,,,,,,,,
,4821116,,,,,,,,,,,,,,,,,,,,,,,,,,,,,,,,,,,,,,,,,
,4821118,,,,,,,,,,,,,,,,,,,,,,,,,,,,,,,,,,,,,,,,,
,4821121,,,,,,,,,,,,,,,,,,,,,,,,,,,,,,,,,,,,,,,,,
,4821244,,,,,,,,,,,,,,,,,,,,,,,,,,,,,,,,,,,,,,,,,
,4821789,,,,,,,,,,,,,,,,,,,,,,,,,,,,,,,,,,,,,,,,,
,4821818,,,,,,,,,,,,,,,,,,,,,,,,,,,,,,,,,,,,,,,,,
,4821820,,,,,,,,,,,,,,,,,,,,,,,,,,,,,,,,,,,,,,,,,
,4836486,,,,,,,,,,,,,,,,,,,,,,,,,,,,,,,,,,,,,,,,,
,4836487,,,,,,,,,,,,,,,,,,,,,,,,,,,,,,,,,,,,,,,,,
,4836488,,,,,,,,,,,,,,,,,,,,,,,,,,,,,,,,,,,,,,,,,
,4836489,,,,,,,,,,,,,,,,,,,,,,,,,,,,,,,,,,,,,,,,,
,4842560,,,,,,,,,,,,,,,,,,,,,,,,,,,,,,,,,,,,,,,,,
,5549528,,,,,,,,,,,,,,,,,,,,,,,,,,,,,,,,,,,,,,,,,
,4842771,,,,,,,,,,,,,,,,,,,,,,,,,,,,,,,,,,,,,,,,,
,4843048,,,,,,,,,,,,,,,,,,,,,,,,,,,,,,,,,,,,,,,,,
,5549529,,,,,,,,,,,,,,,,,,,,,,,,,,,,,,,,,,,,,,,,,
,4843272,,,,,,,,,,,,,,,,,,,,,,,,,,,,,,,,,,,,,,,,,
,4843569,,,,,,,,,,,,,,,,,,,,,,,,,,,,,,,,,,,,,,,,,
,4843866,,,,,,,,,,,,,,,,,,,,,,,,,,,,,,,,,,,,,,,,,
,4849683,,,,,,,,,,,,,,,,,,,,,,,,,,,,,,,,,,,,,,,,,
,4849684,,,,,,,,,,,,,,,,,,,,,,,,,,,,,,,,,,,,,,,,,
,4849715,,,,,,,,,,,,,,,,,,,,,,,,,,,,,,,,,,,,,,,,,
,4849723,,,,,,,,,,,,,,,,,,,,,,,,,,,,,,,,,,,,,,,,,
,4849724,,,,,,,,,,,,,,,,,,,,,,,,,,,,,,,,,,,,,,,,,
,4849725,,,,,,,,,,,,,,,,,,,,,,,,,,,,,,,,,,,,,,,,,
,4849728,,,,,,,,,,,,,,,,,,,,,,,,,,,,,,,,,,,,,,,,,
,4849744,,,,,,,,,,,,,,,,,,,,,,,,,,,,,,,,,,,,,,,,,
,5548439,,,,,,,,,,,,,,,,,,,,,,,,,,,,,,,,,,,,,,,,,
,4858242,,,,,,,,,,,,,,,,,,,,,,,,,,,,,,,,,,,,,,,,,
,4858289,,,,,,,,,,,,,,,,,,,,,,,,,,,,,,,,,,,,,,,,,
,5548442,,,,,,,,,,,,,,,,,,,,,,,,,,,,,,,,,,,,,,,,,
,4858350,,,,,,,,,,,,,,,,,,,,,,,,,,,,,,,,,,,,,,,,,
,4858351,,,,,,,,,,,,,,,,,,,,,,,,,,,,,,,,,,,,,,,,,
,4868121,,,,,,,,,,,,,,,,,,,,,,,,,,,,,,,,,,,,,,,,,
,4871404,,,,,,,,,,,,,,,,,,,,,,,,,,,,,,,,,,,,,,,,,
,4871443,,,,,,,,,,,,,,,,,,,,,,,,,,,,,,,,,,,,,,,,,
,5546708,,,,,,,,,,,,,,,,,,,,,,,,,,,,,,,,,,,,,,,,,
,4871476,,,,,,,,,,,,,,,,,,,,,,,,,,,,,,,,,,,,,,,,,
,4871592,,,,,,,,,,,,,,,,,,,,,,,,,,,,,,,,,,,,,,,,,
,5547630,,,,,,,,,,,,,,,,,,,,,,,,,,,,,,,,,,,,,,,,,
,4873941,,,,,,,,,,,,,,,,,,,,,,,,,,,,,,,,,,,,,,,,,
,4873954,,,,,,,,,,,,,,,,,,,,,,,,,,,,,,,,,,,,,,,,,
,5549530,,,,,,,,,,,,,,,,,,,,,,,,,,,,,,,,,,,,,,,,,
,4874009,,,,,,,,,,,,,,,,,,,,,,,,,,,,,,,,,,,,,,,,,
,4874342,,,,,,,,,,,,,,,,,,,,,,,,,,,,,,,,,,,,,,,,,
,5547633,,,,,,,,,,,,,,,,,,,,,,,,,,,,,,,,,,,,,,,,,
,4874345,,,,,,,,,,,,,,,,,,,,,,,,,,,,,,,,,,,,,,,,,
,4874576,,,,,,,,,,,,,,,,,,,,,,,,,,,,,,,,,,,,,,,,,
,4874613,,,,,,,,,,,,,,,,,,,,,,,,,,,,,,,,,,,,,,,,,
,4874688,,,,,,,,,,,,,,,,,,,,,,,,,,,,,,,,,,,,,,,,,
,4874702,,,,,,,,,,,,,,,,,,,,,,,,,,,,,,,,,,,,,,,,,
,4874733,,,,,,,,,,,,,,,,,,,,,,,,,,,,,,,,,,,,,,,,,
,4879980,,,,,,,,,,,,,,,,,,,,,,,,,,,,,,,,,,,,,,,,,
,4879988,,,,,,,,,,,,,,,,,,,,,,,,,,,,,,,,,,,,,,,,,
,4880013,,,,,,,,,,,,,,,,,,,,,,,,,,,,,,,,,,,,,,,,,
,4880037,,,,,,,,,,,,,,,,,,,,,,,,,,,,,,,,,,,,,,,,,
,4880309,,,,,,,,,,,,,,,,,,,,,,,,,,,,,,,,,,,,,,,,,
,4961862,,,,,,,,,,,,,,,,,,,,,,,,,,,,,,,,,,,,,,,,,
,4961863,,,,,,,,,,,,,,,,,,,,,,,,,,,,,,,,,,,,,,,,,
,4961864,,,,,,,,,,,,,,,,,,,,,,,,,,,,,,,,,,,,,,,,,
,4966217,,,,,,,,,,,,,,,,,,,,,,,,,,,,,,,,,,,,,,,,,
,4966218,,,,,,,,,,,,,,,,,,,,,,,,,,,,,,,,,,,,,,,,,
,4975022,,,,,,,,,,,,,,,,,,,,,,,,,,,,,,,,,,,,,,,,,
,4981213,,,,,,,,,,,,,,,,,,,,,,,,,,,,,,,,,,,,,,,,,
,4981226,,,,,,,,,,,,,,,,,,,,,,,,,,,,,,,,,,,,,,,,,
,4981228,,,,,,,,,,,,,,,,,,,,,,,,,,,,,,,,,,,,,,,,,
,4981933,,,,,,,,,,,,,,,,,,,,,,,,,,,,,,,,,,,,,,,,,
,5022163,,,,,,,,,,,,,,,,,,,,,,,,,,,,,,,,,,,,,,,,,
,5022164,,,,,,,,,,,,,,,,,,,,,,,,,,,,,,,,,,,,,,,,,
,5086371,,,,,,,,,,,,,,,,,,,,,,,,,,,,,,,,,,,,,,,,,
,5086372,,,,,,,,,,,,,,,,,,,,,,,,,,,,,,,,,,,,,,,,,
,5086373,,,,,,,,,,,,,,,,,,,,,,,,,,,,,,,,,,,,,,,,,
,5086374,,,,,,,,,,,,,,,,,,,,,,,,,,,,,,,,,,,,,,,,,
,5086375,,,,,,,,,,,,,,,,,,,,,,,,,,,,,,,,,,,,,,,,,
,5086376,,,,,,,,,,,,,,,,,,,,,,,,,,,,,,,,,,,,,,,,,
,5086377,,,,,,,,,,,,,,,,,,,,,,,,,,,,,,,,,,,,,,,,,
,5086378,,,,,,,,,,,,,,,,,,,,,,,,,,,,,,,,,,,,,,,,,
,5086379,,,,,,,,,,,,,,,,,,,,,,,,,,,,,,,,,,,,,,,,,
,5086380,,,,,,,,,,,,,,,,,,,,,,,,,,,,,,,,,,,,,,,,,
,5091262,,,,,,,,,,,,,,,,,,,,,,,,,,,,,,,,,,,,,,,,,
,5101790,,,,,,,,,,,,,,,,,,,,,,,,,,,,,,,,,,,,,,,,,
,5101791,,,,,,,,,,,,,,,,,,,,,,,,,,,,,,,,,,,,,,,,,
,5110850,,,,,,,,,,,,,,,,,,,,,,,,,,,,,,,,,,,,,,,,,
,5110851,,,,,,,,,,,,,,,,,,,,,,,,,,,,,,,,,,,,,,,,,
,5110852,,,,,,,,,,,,,,,,,,,,,,,,,,,,,,,,,,,,,,,,,
,5110853,,,,,,,,,,,,,,,,,,,,,,,,,,,,,,,,,,,,,,,,,
,5110854,,,,,,,,,,,,,,,,,,,,,,,,,,,,,,,,,,,,,,,,,
,5157546,,,,,,,,,,,,,,,,,,,,,,,,,,,,,,,,,,,,,,,,,
,5157547,,,,,,,,,,,,,,,,,,,,,,,,,,,,,,,,,,,,,,,,,
,5157548,,,,,,,,,,,,,,,,,,,,,,,,,,,,,,,,,,,,,,,,,
,5157549,,,,,,,,,,,,,,,,,,,,,,,,,,,,,,,,,,,,,,,,,
,5157550,,,,,,,,,,,,,,,,,,,,,,,,,,,,,,,,,,,,,,,,,
,5157551,,,,,,,,,,,,,,,,,,,,,,,,,,,,,,,,,,,,,,,,,
,5194383,,,,,,,,,,,,,,,,,,,,,,,,,,,,,,,,,,,,,,,,,
,5194471,,,,,,,,,,,,,,,,,,,,,,,,,,,,,,,,,,,,,,,,,
,5194520,,,,,,,,,,,,,,,,,,,,,,,,,,,,,,,,,,,,,,,,,
,5194529,,,,,,,,,,,,,,,,,,,,,,,,,,,,,,,,,,,,,,,,,
,5196715,,,,,,,,,,,,,,,,,,,,,,,,,,,,,,,,,,,,,,,,,
,5196811,,,,,,,,,,,,,,,,,,,,,,,,,,,,,,,,,,,,,,,,,
,5196898,,,,,,,,,,,,,,,,,,,,,,,,,,,,,,,,,,,,,,,,,
,5196925,,,,,,,,,,,,,,,,,,,,,,,,,,,,,,,,,,,,,,,,,
,5213348,,,,,,,,,,,,,,,,,,,,,,,,,,,,,,,,,,,,,,,,,
,5213349,,,,,,,,,,,,,,,,,,,,,,,,,,,,,,,,,,,,,,,,,
,5220709,,,,,,,,,,,,,,,,,,,,,,,,,,,,,,,,,,,,,,,,,
,5220711,,,,,,,,,,,,,,,,,,,,,,,,,,,,,,,,,,,,,,,,,
,5220713,,,,,,,,,,,,,,,,,,,,,,,,,,,,,,,,,,,,,,,,,
,5220714,,,,,,,,,,,,,,,,,,,,,,,,,,,,,,,,,,,,,,,,,
,5231307,,,,,,,,,,,,,,,,,,,,,,,,,,,,,,,,,,,,,,,,,
,5231310,,,,,,,,,,,,,,,,,,,,,,,,,,,,,,,,,,,,,,,,,
,5231312,,,,,,,,,,,,,,,,,,,,,,,,,,,,,,,,,,,,,,,,,
,5231316,,,,,,,,,,,,,,,,,,,,,,,,,,,,,,,,,,,,,,,,,
,5231320,,,,,,,,,,,,,,,,,,,,,,,,,,,,,,,,,,,,,,,,,
,5547631,,,,,,,,,,,,,,,,,,,,,,,,,,,,,,,,,,,,,,,,,
,5231329,,,,,,,,,,,,,,,,,,,,,,,,,,,,,,,,,,,,,,,,,
,5231366,,,,,,,,,,,,,,,,,,,,,,,,,,,,,,,,,,,,,,,,,
,5232243,,,,,,,,,,,,,,,,,,,,,,,,,,,,,,,,,,,,,,,,,
,5253767,,,,,,,,,,,,,,,,,,,,,,,,,,,,,,,,,,,,,,,,,
,5253768,,,,,,,,,,,,,,,,,,,,,,,,,,,,,,,,,,,,,,,,,
,5253769,,,,,,,,,,,,,,,,,,,,,,,,,,,,,,,,,,,,,,,,,
,5253770,,,,,,,,,,,,,,,,,,,,,,,,,,,,,,,,,,,,,,,,,
,5253771,,,,,,,,,,,,,,,,,,,,,,,,,,,,,,,,,,,,,,,,,
,5253774,,,,,,,,,,,,,,,,,,,,,,,,,,,,,,,,,,,,,,,,,
,5253775,,,,,,,,,,,,,,,,,,,,,,,,,,,,,,,,,,,,,,,,,
,5253776,,,,,,,,,,,,,,,,,,,,,,,,,,,,,,,,,,,,,,,,,
,5253777,,,,,,,,,,,,,,,,,,,,,,,,,,,,,,,,,,,,,,,,,
,5253778,,,,,,,,,,,,,,,,,,,,,,,,,,,,,,,,,,,,,,,,,
,5253779,,,,,,,,,,,,,,,,,,,,,,,,,,,,,,,,,,,,,,,,,
,5253780,,,,,,,,,,,,,,,,,,,,,,,,,,,,,,,,,,,,,,,,,
,5270325,,,,,,,,,,,,,,,,,,,,,,,,,,,,,,,,,,,,,,,,,
,5325186,,,,,,,,,,,,,,,,,,,,,,,,,,,,,,,,,,,,,,,,,
,5325187,,,,,,,,,,,,,,,,,,,,,,,,,,,,,,,,,,,,,,,,,
,5325188,,,,,,,,,,,,,,,,,,,,,,,,,,,,,,,,,,,,,,,,,
,5327903,,,,,,,,,,,,,,,,,,,,,,,,,,,,,,,,,,,,,,,,,
,5327904,,,,,,,,,,,,,,,,,,,,,,,,,,,,,,,,,,,,,,,,,
,5328000,,,,,,,,,,,,,,,,,,,,,,,,,,,,,,,,,,,,,,,,,
,5328001,,,,,,,,,,,,,,,,,,,,,,,,,,,,,,,,,,,,,,,,,
,5328002,,,,,,,,,,,,,,,,,,,,,,,,,,,,,,,,,,,,,,,,,
,5328003,,,,,,,,,,,,,,,,,,,,,,,,,,,,,,,,,,,,,,,,,
,5328568,,,,,,,,,,,,,,,,,,,,,,,,,,,,,,,,,,,,,,,,,
,5328570,,,,,,,,,,,,,,,,,,,,,,,,,,,,,,,,,,,,,,,,,
,5328571,,,,,,,,,,,,,,,,,,,,,,,,,,,,,,,,,,,,,,,,,
,5328572,,,,,,,,,,,,,,,,,,,,,,,,,,,,,,,,,,,,,,,,,
,5328573,,,,,,,,,,,,,,,,,,,,,,,,,,,,,,,,,,,,,,,,,
,5328574,,,,,,,,,,,,,,,,,,,,,,,,,,,,,,,,,,,,,,,,,
,5328576,,,,,,,,,,,,,,,,,,,,,,,,,,,,,,,,,,,,,,,,,
,5328577,,,,,,,,,,,,,,,,,,,,,,,,,,,,,,,,,,,,,,,,,
,5328578,,,,,,,,,,,,,,,,,,,,,,,,,,,,,,,,,,,,,,,,,
,5328579,,,,,,,,,,,,,,,,,,,,,,,,,,,,,,,,,,,,,,,,,
,5328580,,,,,,,,,,,,,,,,,,,,,,,,,,,,,,,,,,,,,,,,,
,5328582,,,,,,,,,,,,,,,,,,,,,,,,,,,,,,,,,,,,,,,,,
,5328583,,,,,,,,,,,,,,,,,,,,,,,,,,,,,,,,,,,,,,,,,
,5328584,,,,,,,,,,,,,,,,,,,,,,,,,,,,,,,,,,,,,,,,,
,5328585,,,,,,,,,,,,,,,,,,,,,,,,,,,,,,,,,,,,,,,,,
,5328586,,,,,,,,,,,,,,,,,,,,,,,,,,,,,,,,,,,,,,,,,
,5328588,,,,,,,,,,,,,,,,,,,,,,,,,,,,,,,,,,,,,,,,,
,5328589,,,,,,,,,,,,,,,,,,,,,,,,,,,,,,,,,,,,,,,,,
,5328591,,,,,,,,,,,,,,,,,,,,,,,,,,,,,,,,,,,,,,,,,
,5328592,,,,,,,,,,,,,,,,,,,,,,,,,,,,,,,,,,,,,,,,,
,5328593,,,,,,,,,,,,,,,,,,,,,,,,,,,,,,,,,,,,,,,,,
,5328595,,,,,,,,,,,,,,,,,,,,,,,,,,,,,,,,,,,,,,,,,
,5328597,,,,,,,,,,,,,,,,,,,,,,,,,,,,,,,,,,,,,,,,,
,5328598,,,,,,,,,,,,,,,,,,,,,,,,,,,,,,,,,,,,,,,,,
,5328599,,,,,,,,,,,,,,,,,,,,,,,,,,,,,,,,,,,,,,,,,
,5328600,,,,,,,,,,,,,,,,,,,,,,,,,,,,,,,,,,,,,,,,,
,5328602,,,,,,,,,,,,,,,,,,,,,,,,,,,,,,,,,,,,,,,,,
,5328603,,,,,,,,,,,,,,,,,,,,,,,,,,,,,,,,,,,,,,,,,
,5328604,,,,,,,,,,,,,,,,,,,,,,,,,,,,,,,,,,,,,,,,,
,5328605,,,,,,,,,,,,,,,,,,,,,,,,,,,,,,,,,,,,,,,,,
,5328606,,,,,,,,,,,,,,,,,,,,,,,,,,,,,,,,,,,,,,,,,
,5328608,,,,,,,,,,,,,,,,,,,,,,,,,,,,,,,,,,,,,,,,,
,5328609,,,,,,,,,,,,,,,,,,,,,,,,,,,,,,,,,,,,,,,,,
,5328610,,,,,,,,,,,,,,,,,,,,,,,,,,,,,,,,,,,,,,,,,
,5328611,,,,,,,,,,,,,,,,,,,,,,,,,,,,,,,,,,,,,,,,,
,5328612,,,,,,,,,,,,,,,,,,,,,,,,,,,,,,,,,,,,,,,,,
,5331666,,,,,,,,,,,,,,,,,,,,,,,,,,,,,,,,,,,,,,,,,
,5331667,,,,,,,,,,,,,,,,,,,,,,,,,,,,,,,,,,,,,,,,,
,5331668,,,,,,,,,,,,,,,,,,,,,,,,,,,,,,,,,,,,,,,,,
,5331673,,,,,,,,,,,,,,,,,,,,,,,,,,,,,,,,,,,,,,,,,
,5331674,,,,,,,,,,,,,,,,,,,,,,,,,,,,,,,,,,,,,,,,,
,5331681,,,,,,,,,,,,,,,,,,,,,,,,,,,,,,,,,,,,,,,,,
,5331683,,,,,,,,,,,,,,,,,,,,,,,,,,,,,,,,,,,,,,,,,
,5331684,,,,,,,,,,,,,,,,,,,,,,,,,,,,,,,,,,,,,,,,,
,5331685,,,,,,,,,,,,,,,,,,,,,,,,,,,,,,,,,,,,,,,,,
,5332163,,,,,,,,,,,,,,,,,,,,,,,,,,,,,,,,,,,,,,,,,
,5360155,,,,,,,,,,,,,,,,,,,,,,,,,,,,,,,,,,,,,,,,,
,5370992,,,,,,,,,,,,,,,,,,,,,,,,,,,,,,,,,,,,,,,,,
,5370993,,,,,,,,,,,,,,,,,,,,,,,,,,,,,,,,,,,,,,,,,
,5370994,,,,,,,,,,,,,,,,,,,,,,,,,,,,,,,,,,,,,,,,,
,5382362,,,,,,,,,,,,,,,,,,,,,,,,,,,,,,,,,,,,,,,,,
,5382363,,,,,,,,,,,,,,,,,,,,,,,,,,,,,,,,,,,,,,,,,
,5382364,,,,,,,,,,,,,,,,,,,,,,,,,,,,,,,,,,,,,,,,,
,5382365,,,,,,,,,,,,,,,,,,,,,,,,,,,,,,,,,,,,,,,,,
,5382366,,,,,,,,,,,,,,,,,,,,,,,,,,,,,,,,,,,,,,,,,
,5382367,,,,,,,,,,,,,,,,,,,,,,,,,,,,,,,,,,,,,,,,,
,5382368,,,,,,,,,,,,,,,,,,,,,,,,,,,,,,,,,,,,,,,,,
,5382369,,,,,,,,,,,,,,,,,,,,,,,,,,,,,,,,,,,,,,,,,
,5382396,,,,,,,,,,,,,,,,,,,,,,,,,,,,,,,,,,,,,,,,,
,5382397,,,,,,,,,,,,,,,,,,,,,,,,,,,,,,,,,,,,,,,,,
,5382398,,,,,,,,,,,,,,,,,,,,,,,,,,,,,,,,,,,,,,,,,
,5382399,,,,,,,,,,,,,,,,,,,,,,,,,,,,,,,,,,,,,,,,,
,5382400,,,,,,,,,,,,,,,,,,,,,,,,,,,,,,,,,,,,,,,,,
,5382401,,,,,,,,,,,,,,,,,,,,,,,,,,,,,,,,,,,,,,,,,
,5382404,,,,,,,,,,,,,,,,,,,,,,,,,,,,,,,,,,,,,,,,,
,5389385,,,,,,,,,,,,,,,,,,,,,,,,,,,,,,,,,,,,,,,,,
,5389386,,,,,,,,,,,,,,,,,,,,,,,,,,,,,,,,,,,,,,,,,
,5389387,,,,,,,,,,,,,,,,,,,,,,,,,,,,,,,,,,,,,,,,,
,5389388,,,,,,,,,,,,,,,,,,,,,,,,,,,,,,,,,,,,,,,,,
,5389389,,,,,,,,,,,,,,,,,,,,,,,,,,,,,,,,,,,,,,,,,
,5389390,,,,,,,,,,,,,,,,,,,,,,,,,,,,,,,,,,,,,,,,,
,5546715,,,,,,,,,,,,,,,,,,,,,,,,,,,,,,,,,,,,,,,,,
,5546716,,,,,,,,,,,,,,,,,,,,,,,,,,,,,,,,,,,,,,,,,
,5546717,,,,,,,,,,,,,,,,,,,,,,,,,,,,,,,,,,,,,,,,,
,5546718,,,,,,,,,,,,,,,,,,,,,,,,,,,,,,,,,,,,,,,,,
,5546720,,,,,,,,,,,,,,,,,,,,,,,,,,,,,,,,,,,,,,,,,
,5546738,,,,,,,,,,,,,,,,,,,,,,,,,,,,,,,,,,,,,,,,,
,5546739,,,,,,,,,,,,,,,,,,,,,,,,,,,,,,,,,,,,,,,,,
,5546740,,,,,,,,,,,,,,,,,,,,,,,,,,,,,,,,,,,,,,,,,
,5546859,,,,,,,,,,,,,,,,,,,,,,,,,,,,,,,,,,,,,,,,,
,5547583,,,,,,,,,,,,,,,,,,,,,,,,,,,,,,,,,,,,,,,,,
,5547584,,,,,,,,,,,,,,,,,,,,,,,,,,,,,,,,,,,,,,,,,
,5547585,,,,,,,,,,,,,,,,,,,,,,,,,,,,,,,,,,,,,,,,,
,5547586,,,,,,,,,,,,,,,,,,,,,,,,,,,,,,,,,,,,,,,,,
,5547587,,,,,,,,,,,,,,,,,,,,,,,,,,,,,,,,,,,,,,,,,
,5547588,,,,,,,,,,,,,,,,,,,,,,,,,,,,,,,,,,,,,,,,,
,5547599,,,,,,,,,,,,,,,,,,,,,,,,,,,,,,,,,,,,,,,,,
,5547601,,,,,,,,,,,,,,,,,,,,,,,,,,,,,,,,,,,,,,,,,
,5547629,,,,,,,,,,,,,,,,,,,,,,,,,,,,,,,,,,,,,,,,,
,5547761,,,,,,,,,,,,,,,,,,,,,,,,,,,,,,,,,,,,,,,,,
,5547764,,,,,,,,,,,,,,,,,,,,,,,,,,,,,,,,,,,,,,,,,
,5547766,,,,,,,,,,,,,,,,,,,,,,,,,,,,,,,,,,,,,,,,,
,5548466,,,,,,,,,,,,,,,,,,,,,,,,,,,,,,,,,,,,,,,,,
,5548491,,,,,,,,,,,,,,,,,,,,,,,,,,,,,,,,,,,,,,,,,
,5549466,,,,,,,,,,,,,,,,,,,,,,,,,,,,,,,,,,,,,,,,,
,5549467,,,,,,,,,,,,,,,,,,,,,,,,,,,,,,,,,,,,,,,,,
,5549563,,,,,,,,,,,,,,,,,,,,,,,,,,,,,,,,,,,,,,,,,
,5549574,,,,,,,,,,,,,,,,,,,,,,,,,,,,,,,,,,,,,,,,,
,5647361,,,,,,,,,,,,,,,,,,,,,,,,,,,,,,,,,,,,,,,,,
,5648809,,,,,,,,,,,,,,,,,,,,,,,,,,,,,,,,,,,,,,,,,
,5648810,,,,,,,,,,,,,,,,,,,,,,,,,,,,,,,,,,,,,,,,,
,5648811,,,,,,,,,,,,,,,,,,,,,,,,,,,,,,,,,,,,,,,,,
,5649064,,,,,,,,,,,,,,,,,,,,,,,,,,,,,,,,,,,,,,,,,
,5649069,,,,,,,,,,,,,,,,,,,,,,,,,,,,,,,,,,,,,,,,,
,5649138,,,,,,,,,,,,,,,,,,,,,,,,,,,,,,,,,,,,,,,,,
,5649139,,,,,,,,,,,,,,,,,,,,,,,,,,,,,,,,,,,,,,,,,
,5665750,,,,,,,,,,,,,,,,,,,,,,,,,,,,,,,,,,,,,,,,,
,5674125,,,,,,,,,,,,,,,,,,,,,,,,,,,,,,,,,,,,,,,,,
,5794440,,,,,,,,,,,,,,,,,,,,,,,,,,,,,,,,,,,,,,,,,
,5798888,,,,,,,,,,,,,,,,,,,,,,,,,,,,,,,,,,,,,,,,,
,5799101,,,,,,,,,,,,,,,,,,,,,,,,,,,,,,,,,,,,,,,,,
,5799102,,,,,,,,,,,,,,,,,,,,,,,,,,,,,,,,,,,,,,,,,
,5799103,,,,,,,,,,,,,,,,,,,,,,,,,,,,,,,,,,,,,,,,,
,5799104,,,,,,,,,,,,,,,,,,,,,,,,,,,,,,,,,,,,,,,,,
,5799105,,,,,,,,,,,,,,,,,,,,,,,,,,,,,,,,,,,,,,,,,
,5799106,,,,,,,,,,,,,,,,,,,,,,,,,,,,,,,,,,,,,,,,,
,5799107,,,,,,,,,,,,,,,,,,,,,,,,,,,,,,,,,,,,,,,,,
,5799328,,,,,,,,,,,,,,,,,,,,,,,,,,,,,,,,,,,,,,,,,
